COD_EMPRESA	NOM_FANTASIA_EMPRESA	NOM_RAZAO_SOCIAL	COD_GRUPO	NOM_GRUPO	NUM_CNPJ
22	Large	Laboratory of Regional Geodynamics Limited	0	(grupo não informado)	
24	Nissho Iwai/Inpex	Nissho Iwai/Inpex	0	(grupo não informado)	
35	Spectrum	Spectrum Energy and Information Technology Limited	0	(grupo não informado)	
88	Baker Corporation	Baker Hughes Corporation	0	(grupo não informado)	
89	Baker Incorporated	Baker Hughes Incorporated	0	(grupo não informado)	
97	CPC	Chinese Petroleum Corporation	0	(grupo não informado)	
98	CMS	CMS Oil and Gas Company	0	(grupo não informado)	
117	Fay Richwhite	Fay Richwhite Holdings Ltd	0	(grupo não informado)	
119	Hunt	Hunt Oil Company	0	(grupo não informado)	
121	IMDL	International Marketing and Distribution Ltd.	0	(grupo não informado)	
123	KNOC	Korea National Oil Corporation	0	(grupo não informado)	
124	Lasmo	Lasmo plc	0	(grupo não informado)	
127	Mineração Caraíba	Mineração Caraíba S.A.	0	(grupo não informado)	
136	Pecom	Pecom Energia S.A.	0	(grupo não informado)	
138	PetroFina	PetroFina S.A.	0	(grupo não informado)	
141	Pluspetrol	Pluspetrol Resources Corporation	0	(grupo não informado)	
142	Quinal	Quinal	0	(grupo não informado)	
146	Rio Petróleo Rio	Rio Petróleo Rio Ltda.	0	(grupo não informado)	
150	Seagull	Seagull Energy Corporation	0	(grupo não informado)	
153	Sun	Sun Resources N.L.	0	(grupo não informado)	
160	Triton	Triton Energy Limited	0	(grupo não informado)	
163	USX	USX Corporation	0	(grupo não informado)	
164	Veba	Veba Oil & Gas GmbH	0	(grupo não informado)	
165	Vintage	Vintage Petroleum Inc.	0	(grupo não informado)	
236	TRANSOCEAN	TRANSOCEAN	0	(grupo não informado)	
237	NOBLE DO BRASIL LTDA	NOBLE DRILLING	0	(grupo não informado)	
239	R & B  FALCON	R & B  FALCON	0	(grupo não informado)	
240	DOLPHIN DRILLING	DOLPHIN DRILLING	0	(grupo não informado)	
241	LOUSIANA VENTURA	LOUSIANA VENTURA	0	(grupo não informado)	
242	PRIDE DO BRASIL LTDA	PRIDE DO BRASIL Ltda.	0	(grupo não informado)	
243	UNAP	UNAP	0	(grupo não informado)	
244	SEPE	SEPE	0	(grupo não informado)	
245	STAR I.D./Q. GALVÃO	STAR INT. DRIL./Q. GALVÃO	0	(grupo não informado)	
247	TURASORIA/SCHAHIN	TURASORIA/SCHAHIN	0	(grupo não informado)	
248	SEAPOS B. V.	SEAPOS B. V.	0	(grupo não informado)	
249	SAIPEM	SAIPEM DO BRASIL Ltda.	0	(grupo não informado)	
250	SCHAIN	SCHAIN	0	(grupo não informado)	
251	GMDC DO BRASIL LTDA	GMDC DO BRASIL Ltda.	0	(grupo não informado)	
252	BRASDRILL	BRASDRILL	0	(grupo não informado)	
253	TRANSOCEAN SEDCO FOR	TRANSOCEAN SEDCO FOREX	0	(grupo não informado)	
254	ENGEDRILL	ENGEDRILL	0	(grupo não informado)	
255	HIDROCON	HIDROCON	0	(grupo não informado)	
265	Thales	Thales Geosolutions (Brasil) Ltda.	0	(grupo não informado)	
266	Rio Tinto	Rio Tinto Desenvolvimentos Minerais  Ltda.	0	(grupo não informado)	
268	Gaia Processamento	Gaia Processamento e Gerencia de Dados Ltda.	0	(grupo não informado)	
270	MPBA	Ministério Público do Estado da Bahia	0	(grupo não informado)	
272	UFPR	Universidade Federal do Paraná - UFPR	0	(grupo não informado)	
273	UFPA	Universidade Federal do Pará - UFPA	0	(grupo não informado)	
275	Coastal BCAM-2	Costal BCAM-2 Ltda.	0	(grupo não informado)	
278	JNOC	Japan National Oil Corporation	0	(grupo não informado)	
279	Falconbridge	Falconbridge	0	(grupo não informado)	
281	WMC	Western Mining Company	0	(grupo não informado)	
286	Coppe	Coppe	0	(grupo não informado)	
290	Geoterra	Geoterra Serviços Ltda	0	(grupo não informado)	
291	Fund. Gorceix	Fundação Gorceix - UFOP	0	(grupo não informado)	
292	IHS	Petroconsultants	0	(grupo não informado)	
296	RTDM	RTDM	0	(grupo não informado)	
297	Tarauacá	Mineração Tarauacá	0	(grupo não informado)	
298	UENF	Universidade Estadual do Norte Fluminense - UENF	0	(grupo não informado)	
302	UFOP	Universidade Federal de Ouro Preto - UFOP	0	(grupo não informado)	
303	UFRJ	Universidade Federal do Rio de Janeiro - UFRJ	0	(grupo não informado)	
304	UFRN	Universidade Federal do Rio Grande do Norte - CCET	0	(grupo não informado)	
306	UNESP	Universidade Estadual Paulista - UNESP	0	(grupo não informado)	
307	USP	Universidade de São Paulo - USP	0	(grupo não informado)	
314	USP-IAG	Inst. Astronômico e Geofísico	0	(grupo não informado)	
315	TGG	Themag Geosource Geofísica Ltda.	0	(grupo não informado)	
316	ITEPE	Instrumentos Técnicos de Pesquisa Ltda.	0	(grupo não informado)	
319	HidroClean	Hidroclean Serviços Marítimos Ltda	0	(grupo não informado)	
328	Japan Mining	Japan Mining Engineering Centre for intern. Coop.	0	(grupo não informado)	
334	SPECTRASEIS	SPECTRASEIS TECHNOLOGIE AG	0	(grupo não informado)	
338	HRT High Resolution	High Resolution Technology & Petroleum LTDA	0	(grupo não informado)	
347	Schahin	Schahin Engenharia Ltda.	0	(grupo não informado)	
3641	Lasa	Lasa Engenharia	0	(grupo não informado)	
3661	Vago	Vago	0	(grupo não informado)	
3681	HGeo	HGeo Tecnologia em Geociências	0	(grupo não informado)	
3721	Coastal do Brasil	Coastal do Brasil Ltda.	0	(grupo não informado)	
3741	Confab	Confab Industrial S.A	0	(grupo não informado)	
3801	UFPE	Universidade Federal de Pernambuco - UFPE	0	(grupo não informado)	
3821	Hardman	Hardman Resources Ltda	0	(grupo não informado)	
3841	UNISINOS	Universidade do Vale do Rio dos Sinos - UNISINOS	0	(grupo não informado)	
3881	UFRN	Universidade Federal do Rio Grande do Norte - UFRN	0	(grupo não informado)	
4261	TGS-Nopec	TGS-Nopec	0	(grupo não informado)	
4625	Sociedade Comercial	Sociedade Comercial e de Serviços Químicos Ltda	0	(grupo não informado)	
4637	União	União Nacional de Perfuração Ltda	0	(grupo não informado)	
4642	Vitage	Vintage Petroleum International, Inc	0	(grupo não informado)	
4646	ZPG	ZPG Participações Ltda	0	(grupo não informado)	
4698	GX	GX Technology Sismica Brasil LTDA	0	(grupo não informado)	
5759	Teste Cessão	Teste Cessão	0	(grupo não informado)	
6139	FTM	FTM - Satarem - Empresa de Engenharia Fornecimento e Gestão de Projectos S.A.	0	(grupo não informado)	
6159	Vale	Vale Exploração e produção de Gás Natural	0	(grupo não informado)	
6180	Hibernia Marine C.V	Hibernia Marine C.V	0	(grupo não informado)	
6181	Gold Star Equities	Gold Star Equities Ltda..	0	(grupo não informado)	
6199	Noble Dave Beard	Noble Dave Beard Limited	0	(grupo não informado)	
6699	Imes Inc.	Imes Inc.	0	(grupo não informado)	
6779	Aban Abraham	Aban Abraham Pte. Ltd.	0	(grupo não informado)	
6799	Lone Star	Lone Star Offshore Ltd	0	(grupo não informado)	
6820	Soratu Drilling	Soratu Drilling LLC	0	(grupo não informado)	
6979	Deep Black	Deep Black	0	(grupo não informado)	
7079	P&M Drillling	P&M Drillling International B.V.	0	(grupo não informado)	
7259	Alpha Star	Alpha Star Equities LTD	0	(grupo não informado)	
7339	Caland Boren B.V.	Caland Boren B.V.	0	(grupo não informado)	
7371	Baerfield	Baerfield Drilling LLC	0	(grupo não informado)	
7372	ENSCO	ENSCO Deep Water LLC	0	(grupo não informado)	
7375	Pacific Drilling SA	Pacific Drilling SA	0	(grupo não informado)	
7382	Carolina Marine	Carolina Marine, INC	0	(grupo não informado)	
7385	Ocean Rig Drilling	Ocean Rig Drilling Operations B.V.	0	(grupo não informado)	
7399	Odfjell	Odfjell Gestão de Perfurações do Brasil Ltda	0	(grupo não informado)	
7400	Dleif	Dleif Drilling LLC	0	(grupo não informado)	
7414	ODN I	ODN I Gmbh	0	(grupo não informado)	
7417	ODN Tay IV	ODN Tay IV Gmbh	0	(grupo não informado)	
7424	NOBLE OFFSHORE	NOBLE OFFSHORE (LUXEMBOURG) S.À R.L. (Foreign Maritime Entity)	0	(grupo não informado)	
7426	Palase	Palase CV	0	(grupo não informado)	
7434	Laguna Star	Laguna Star Ltd.	0	(grupo não informado)	
7499	Amoco	Amoco Brasil INC	0	(grupo não informado)	
7500	Premier	Premier Oil Holdings Limited	0	(grupo não informado)	
7501	Marathon	Marathon	0	(grupo não informado)	
7502	BP Amoco	BP Amoco Brasil INC	0	(grupo não informado)	
7503	BP SOUTH	BP South America	0	(grupo não informado)	
7504	Wintershall	Wintershall Global Support B.V	0	(grupo não informado)	
7583	Azimuth	Azimuth III Limited	0	(grupo não informado)	
7613	AZILAT	AZILAT PETROLEUM LIMITED	0	(grupo não informado)	
7620	(grupo não informado	xx	0	(grupo não informado)	
7650	DUG	DownUnder Geosolutions	0	(grupo não informado)	
7653	Drillship Skopelos	Drillship Skopelos Owners Inc.	0	(grupo não informado)	
7654	Drillship Hydra	Drillship Hydra Owners Inc.	0	(grupo não informado)	
9	Elf Brasil	Elf Petróleos do Brasil Ltda.	28	Total	
14	Fugro	Fugro Geoteam - AS	72	FUGRO_Geoscience_Services	
16	GEOMAG	Geomag S. A. Prospecções Aerogeofísicas	72	FUGRO_Geoscience_Services	
17	Grant	Grant Geophysical do Brasil Ltda.	66	Grant	
20	Japex/Marubeni	Japex/Marubeni	14	Japex/Marubeni	
25	Enterprise Bij-Salem	Enterprise Bijupirá-Salema Ltda.	22	Royal Dutch Shell PLC	
26	PennzEnergy	PennzEnergy Brasil Ltda.	8	Devon	
32	Shell Ltda	Shell Brasil Ltda	22	Royal Dutch Shell PLC	
43	Western	Western Atlas International Inc	70	WESTERNGECO	
53	SFR	SFR Petróleo do Brasil Ltda.	351	Santa Fe Snyder Corporation	
81	Campos Norte	Campos Norte Exploração e Produção S.A.	42	Wintershall	
83	Alberta	Alberta Energy Company Ltd	90	Alberta	
84	Amerada Hess Limited	Amerada Hess International Limited	2	Hess	
85	Anadarko	Anadarko Petroleum Corporation	3	Anadarko Petroleum Corporation	
86	ARCO	Atlantic Richfield Company	5	BP P.L.C.	
87	ATP	ATP Petróleo S.A.	31	Koch	
90	BG Exploration	BG Exploration and Production Limited	4	BG	
91	BG International	BG International Limited	4	BG	
92	BHP	BHP Billiton Limited	59	BHP	
94	British Borneo PLC	British Borneo Oil and Gas PLC	1	Agip	
95	Canadian Hunter	Canadian Hunter Exploration Ltd	73	Canadian Hunter	
96	Chevron Corporation	Chevron Texaco Corporation	6	Chevron	
99	CNPC	CNPC International Ltd	383	Governo da China	
102	Crestar	Crestar Energy Inc.	75	Crestar	
103	Crestar	Crestar Energy International	75	Crestar	
104	Den Norske	Den Norske Stats Oljeselskap a.s.	40	Grupo Statoil ASA	
105	Devon	Devon Energy Corporation	8	Devon	
106	Duke	Duke Energy Company	77	Duke	
107	Edison	Edison Gas S.p.A.	76	Edison	
108	El Paso CGP	El Paso CGP Company	9	EP Energy	
109	Elf Aquitaine	Elf Aquitaine	28	Total	
110	Enap	Empresa Nacional del Petróleo (ENAP)	78	Enap	
111	Encalso	Encalso Construções Ltda.	92	Encalso	
112	Energy Africa	Energy Africa Limited	79	Energy Africa	
113	Eni	Eni S.p.A.	1	Agip	
114	Enron	Enron Corp.	80	Enron	
115	Enron	Enron Serviços do Brasil Ltda.	80	Enron	
116	Enterprise plc	Enterprise Oil plc	22	Royal Dutch Shell PLC	
118	Paranapanema	Grupo Paranapanema	83	Paranapanema	
120	Inpex	Indonesia Petroleum Ltd	46	Inpex	
122	Kerr-McGee Corp	Kerr-McGee Corporation	15	Kerr-McGee	
125	Maersk AS	Maersk Olie og Gas AS	33	Maersk	
126	Marathon	Marathon Oil Company	61	Marathon	
128	Mobil Corporation	Mobil Corporation	11	Exxon Mobil Corporation	
129	Murphy	Murphy Exploration & Production Company	81	Murphy Oil Corporation	
130	Murphy	Murphy Oil Corporation	81	Murphy Oil Corporation	
131	Newfield	Newfield Exploration Company	54	Newfield  Holdings	
132	Ocean Energy	Ocean Energy, Inc.	34	Ocean	
134	PanCanadian Limited	PanCanadian Petroleum Limited	35	EnCana	
135	Partex	Partex Oil and Gas (Holdings) Corporation	55	Partex Oil and Gas	
137	Perez Companc	Perez Companc S.A.	43	Perez Companc	
139	Petrogal	Petróleos de Portugal - Petrogal, S.A.	36	Galp Energia	
140	Phillips	Phillips Petroleum Company	37	Phillips	
143	Rainier	Rainier Engineering Limited	32	Synergy Resources Corp.	
144	Repsol	Repsol S.A.	21	Repsol YPF	
145	Repsol YPF	Repsol YPF S.A.	21	Repsol YPF	
147	Samson	Samson Investment Company	38	Samson	
148	Santa Fe Energy	Santa Fe Energy Resources, Inc	8	Devon	
149	Santa Fe Snyder	Santa Fe Snyder Corporation	8	Devon	
151	SK Corporation	SK Corporation	39	SK	
152	Sipetrol	Sociedad Internacional Petrolera S.A.	23	Sipetrol	
154	Suncor	Suncor Energy Inc.	86	Suncor	
155	Tecpetrol	Tecpetrol S.A.	27	Tecpetrol	
156	Teikoku	Teikoku Oil Co., Ltd.	87	Teikoku	
157	Coastal Corporation	The Coastal Corporation	9	EP Energy	
158	Total Fina Elf	Total Fina Elf S.A.	28	Total	
159	Total	Total S.A.	28	Total	
161	UPR	Union Pacific Resources Company	3	Anadarko Petroleum Corporation	
162	Unocal Corporation	Unocal Corporation	30	Unocal	
166	Wintershall	Wintershall Aktiengesellschaft	42	Wintershall	
170	Ocean Energy	Ocean Energy Ltda.	34	Ocean	
175	Esso Amazonas Sul	Esso Amazonas Sul Ltda.	11	Exxon Mobil Corporation	
178	Texaco BM-C-5	Texaco Brasil BM-C-5	6	Chevron	
180	StatoilHydro	Statoil Hydro ASA	40	Grupo Statoil ASA	
182	Unocal Int	Unocal International Corporation	30	Unocal	
183	El Paso Energy	El Paso Energy Corporation	9	EP Energy	
184	Inpex	Inpex	46	Inpex	
185	Nissho Iwai	Nissho Iwai	47	Nissho Iwai	
188	Dover	Dover Investments Limited	49	Dover	
189	Nexen	Nexen Inc.	50	Nexen	
190	EnCana	EnCana Corporation	35	EnCana	
191	Norsk Hydro	Norsk Hydro ASA	51	Norsk Hydro	
192	LUKOIL	Oil Company LUKOIL	52	LUKOIL	
198	Unocal do Brasil	Unocal do Brasil Ltda.	30	Unocal	
200	Conoco	Conoco Energy Ventures, Inc.	56	Conoco	
201	Occidental Petroleum	Occidental Petroleum Corporation	57	Occidental Petroleum	
202	Promon	Promon Engenharia Ltda.	58	Promon	
203	Hess	Hess Corporation	2	Hess	
206	China National  Oil	China National Oil Corporation International Ltd.	60	China National  Oil	
207	BHP	BHP LIMITED	59	BHP	
208	Agip	British Borneo International Limited	1	Agip	
209	Koch	Koch Materials Company	31	Koch	
210	TotalFinaElf	Totalfina Brasil S.A. produtos de petróleo	28	Total	
223	WesternGeco	Western Geco do Brasil Ltda.	70	WESTERNGECO	
225	Astra	Astra	63	Astra	
226	Chevron	Chevron Corporation	6	Chevron	
227	Kerr-McGee	Kerr-McGee Oil & Gas Corporation	15	Kerr-McGee	
228	Egon	Egon	64	Egon	
229	Chevron-Texaco	Texaco Brasil S.A.	6	Chevron	
230	Azevedo Travassos	Azevedo Travassos	65	Azevedo Travassos	
238	Diamond Offshore	Diamond Offshore Drilling Brasdrill	338	Diamond	
246	Sotep	SOCIEDADE TÉCNICA DE PERFURAÇÃO	24	SOTEP	
262	El Paso Petróleo	El Paso Petróleo do Brasil Ltda.	9	EP Energy	
263	Esso Amazonas Sul	Esso Exploração Amazonas Sul Ltda.	11	Exxon Mobil Corporation	
264	Esso Amazonas Sul	Esso Exploração Amazonas Sul Ltda.	11	Exxon Mobil Corporation	
269	Geco AS	Geco AS	70	WESTERNGECO	
321	Occidental	Occidental International Holdings Ltda.	82	Occidental	
322	Pioneer	Pioneer Natural Resources USA, INC	89	Pioneer	
323	Synergy	Synergy Group Corp.	32	Synergy Resources Corp.	
324	Occidental	Occidental International Holdings Ltd.	82	Occidental	
329	Total E&P do Brasil	Total E&P do Brasil Ltda.	28	Total	
340	Esso Exploration	Esso Exploration Inc.	11	Exxon Mobil Corporation	
343	BG Energy	BG Energy Holdings Limited	4	BG	
344	Brain	Brain Tecnologia Ltda.	94	Brain	
345	Eni Group	Eni Oil do Brasil S.A.	68	Eni Group	
346	Quinal	Quinal E&P S/A.	85	Quinal	
349	PortSea	PortSea Oil & Gas NL	95	PortSea	
350	Datamétrica	Datametrica - Consultoria e Pesquisa Ltda.	96	Datamétrica	
351	El Paso	Epic Gas International - Serviços do Brasil Ltda.	9	EP Energy	
3523	Koch	KOCK PETRÓLEO  LTDA	31	Koch	
3861	CPRM - PARÁ	Companhia de Pesquisa de Recursos Minerais - CPRM	98	CPRM	
4163	BG Brasil	BG E&P Brasil Ltda.(incorporada pela Shell)	4	BG	
4184	Dalçoquio	Transportes Dalçoquio Ltda	121	Dalçoquio	
4196	Clannel	Clannel SA	134	Clannel	
4197	Clínica São Marcello	Clínica de Repouso São Marcello Ltda.	135	Clínica São Marcello	
4198	Coengen	Coengen Comercio e Engenharia Ltda	136	Coengen	
4217	EXPRO	EXPRO - Petróleo e Gás Ltda.	155	EXPRO	
4222	Gulf	Gulf Gestão de Recursos Ltda.	160	Gulf	
4223	HBR	HBR Equipamentos Ltda.	161	HBR	
4229	Japex	JAPEX - Japan Petroleum Exploration Co. Ltd.	167	Japex	
4230	J P Oil	J P Oil Company, Inc.	168	J P Oil	
4231	JM1	JM1 Empreendimentos e Participações Ltda.	169	JM1	
4232	Kentron	Kentron Indústria e Comércio Ltda.	170	Kentron	
4233	Lundin	Lundin Petroleum AB	171	Lundin	
4235	Matéria	Matéria Perfuração de Poços LTDA	174	Matéria	
4238	Meditec	Meditec - Montagens e Edificações Técnicas Ltda	177	Meditec	
4243	Oceânica	Oceânica Engenharia e Projetos Ltda.	182	Oceânica	
4248	Proen	Proen Engenharia e Manutenção Ltda.	189	Proen	
4257	SGP	SGP - Sociedade Geral de Participações S/A	199	SGP	
4284	Tecnovinil	Tecnovinil Química Comercial Ltda.	206	Tecnovinil	
4294	Queiroz Galvão Per.	Queiroz Galvão Perfurações S.A.	20	QGEP Participações S.A.	
4297	Marpe	Marpe Empresa Construtora e Obras LTDA	172	Marpe	
4498	Eni Group	Agip Oil do Brasil S.A.	68	Eni Group	
4500	Quantra	ARBI Petróleo Ltda	93	Quantra	
4505	El Paso	Coastal Petróleo do Brasil Ltda	9	EP Energy	
4518	Eni Group	Agip Oil do Brasil S.A.	68	Eni Group	
4519	Aurizonia	Aurizônia Empreendimentos Ltda.	91	Aurizonia	
4520	BHP	BHP Petroleum (Americanas) Inc.	59	BHP	
4538	ARCO	ARCO - Atlantic Richfield Company	62	ARCO	
4539	Aurizonia	Aurizônia Petróleo Ltda.	91	Aurizonia	
4540	Azevedo Travassos	Azevedo & Travassos	65	Azevedo Travassos	
4541	BC	BC INTERNATIONAL S.A.	220	BC	
4542	BC	BC Projetos Ltda	220	BC	
4543	Bellwether	Bellwether Exploration Company	221	Bellwether	
4544	BHP	BHP do Brasil Investimentos Ltda	59	BHP	
4545	BP EOC	BP Exploration Operating Company Limited	5	BP P.L.C.	
4546	Brazil	Brazil Development Company	222	Brazil	
4547	Agip	British Borneo Oil and Gas P.L.C.	1	Agip	
4548	Brownstone	Brownstone Ventures inc.	223	Brownstone	
4549	Canadian Hunter	Canadian Hunter Exploration Ltda	73	Canadian Hunter	
4550	Capco	Capco Energy Inc.	224	Capco	
4551	Chevron-Texaco	Chevron Brasil Petróleo Ltda	6	Chevron	
4552	Clannel	Clanell Company Sociedad Anonima	134	Clannel	
4553	Coimex	Coimex Trading Company	225	Coimex	
4554	CEC	Construtora CEC	226	CEC	
4555	Construtora LJA	Construtora LJA Ltda.	227	Construtora LJA	
4556	Delta	Delta Serviços e Investimentos em Energia Elétrica Ltda.	228	Delta	
4557	Dutobrás	Dutobrás Construções Ltda	229	Dutobrás	
4558	Ecopetrol	Ecopetrol S.A.	230	Ecopetrol S.A.	
4559	Quinal	Egon M. Meister (Consultor)	85	Quinal	
4560	Santa Maria	Empresa Luz e Força Santa Maria S.A.	231	Santa Maria	
4561	EnCana	EnCanBrasil Ltda	35	EnCana	
4562	Energia Esperanza	Energia Esperanza Corporation	232	Energia Esperanza	
4563	Engeform	Engeform S.A.	233	Engeform	
4564	Engetécnica	Engetécnica Serviços e Construções Ltda	234	Engetécnica	
4565	Engrel	Engrel Engenharia Representações Ltda	235	Engrel	
4566	Enron	Enron Oil & Gas International Inc.	80	Enron	
4567	Forpart	Forpart S.A.	236	Forpart	
4568	Fuad Rassi	Fuad Rassi Engenharia Industria e Comércio Ltda	237	Fuad Rassi	
4569	Geomecânica	Geomecânica S.A.	238	Geomecânica	
4570	Geral	Geral Engenharia	239	Geral	
4571	Gold Oil	Gold Oil PLC	240	Gold Oil	
4572	Growth	Growth Oil & Gas	241	Growth	
4573	Haegler	Haegler S/A.	242	Haegler	
4575	Icoplan	ICOPLAN - Internacional de Consultoria e Planejamento S/A.	166	Icoplan	
4576	Inpex	Inpex Corporation	46	Inpex	
4577	INTERUSA	INTERUSA - Internacional Serviços de Tecnologia	245	INTERUSA	
4578	IPR	IPR International, Lt	246	IPR	
4579	J Fernando	J Fernando Tajra Reis Apoio Engenharia e Mineração	247	J Fernando	
4580	Joshi	Joshi Technologies International, Inc.	248	Joshi	
4581	Koch	koch Exploration Canada Ltd.	31	Koch	
4582	Lábrea	Lábrea Petróleo S.A	249	Lábrea	
4583	Leam Drilling	Leam Drilling Systems, Inc.	250	Leam Drilling	
4584	Líder	Líder Construções e Instalações Ltda.	251	Líder	
4585	Lince	Lince Construtora e Incorporadora Ltda.	252	Lince	
4586	LUKOIL	LukOil Overseas Service	52	LUKOIL	
4587	Multicard	Multicard Serviços Ltda.	253	Multicard	
4588	Neoppg	Neoppg do Brasil Ltda	254	Neoppg	
4589	Newfield	Newfield International Holdings Inc.	54	Newfield  Holdings	
4590	Nexen	Nexen Petroleum International Ltd.	50	Nexen	
4591	NNF	NNF Empreendimentos e Participações Ltda	255	NNF	
4592	Norse	Norse Energy Corp ASA	112	Panoro	
4593	Norsk Hydro	Norsk Hydro Brasil Ltda	51	Norsk Hydro	
4595	Ominex	Ominex Resources Inc.	256	Ominex	
4596	Ongc	Ongc Videsh Limited	257	ONGC	
4598	Padrão	Padrão Engenharia e Montagens Ltda	258	Padrão	
4599	Paineiras	Paineiras Participações e Empreendimentos Ltda	259	Paineiras	
4600	EnCana	Panacanadian Petróleo do Brasil Ltda	35	EnCana	
4601	EnCana	PanCanadian Pacific Petroleum Limited	35	EnCana	
4602	Pancontinental	Pancontinental Oil&Gas N.L.	260	Pancontinental	
4603	Perez Companc	Perez Companc do Brasil S.A.	43	Perez Companc	
4604	Petrodin	Petrodin Serviços Marítimos e Petróleo Ltda.	261	Petrodin	
4605	Petrogal	Petrogal S.A.	36	Galp Energia	
4606	Petroprimo	Petroprimo - Serviços para a Indústria Petrolífera S. A.	262	Petroprimo	
4607	Petrosantander	Petrosantander Inc.	263	Petrosantander	
4608	Potióleo	Potióleo Ltda.	49	Dover	
4611	Projel	Projel Engenharia Especializada Ltda.	265	Projel	
4612	Rich	Rich Minerals Corporation	266	Rich	
4613	Rio Proerg	Rio Proerg Engenharia Ltda	267	Rio Proerg	
4614	River Business	River Business Corp.	268	River Business	
4615	Roch	Roch S.A.	269	Roch	
4616	Saenge	Saenge Engenharia de Saneamento e Edificações Ltda	270	Saenge	
4617	Santa Lúcia	Santa Lúcia Part. e Agropecuária S/A	271	Santa Lúcia	
4619	Schahin	Schahin Engenharia e Comércio Ltda	272	Schahin	
4620	Seagull	Seagull Energy International Inc.	273	Seagull	
4621	Sengel	Sengel Contruções Ltda	274	Sengel	
4622	Setal	Setal Engenharia Construções	275	Setal	
4623	Shell	Shell Brasil S.A.	22	Royal Dutch Shell PLC	
4624	SINERGIAS	SINERGIAS Consult e Desenv Profissional em Petróleo Gás e Energia Ltda	276	SINERGIAS	
4626	Sotep	Sociedade Técnica de Perfuração S.A.	24	SOTEP	
4627	Solidária	Solidária Participações em Empresas Ltda	277	Solidária	
4628	SOMOIL	SOMOIL - Sociedade Petrolifera Angolana - S.A.R.L.	337	Serena	
4629	SPS	SPS - Set Point Sistemas de Automação Ltda	279	SPS	
4630	Stratalmage	Stratalmage Consultoria Ltda.	280	Stratalmage	
4631	Superpesa	Superpesa Cia. de Transportes Especiais e Intermodais	281	Superpesa	
4632	Tecpetrol	Tecpetrol International Inc	27	Tecpetrol	
4633	TotalFinaElf	Total Petroleo do Brasil	28	Total	
4634	TotalFinaElf	TotalFinaElf Petróleo do Brasil Ltda	28	Total	
4635	Türkiye	Türkiye Petrolleri A.O	282	Türkiye	
4636	UNA	UNA Administração e Participações Ltda	283	UNA	
4638	Unocal	Unocal Latin America Ventures Ltd	45	Unocal	
4639	USIBRÁS	USIBRÁS - Usina Brasileira de Óleo e Castanha Ltda.	284	USIBRÁS	
4641	CVRD	Vale do Rio Doce S.A.	310	Vale	
4643	Woodside	Woodside Energy Ltd	297	Woodside	
4644	Repsol YPF	YPF Brasil Ltda	21	Repsol YPF	
4645	Repsol YPF	YPF S.A.	21	Repsol YPF	
4979	Perenco	Perenco S.A.	309	Perenco	
5019	Reliance	Reliance Industries Limited	292	Reliance	
5060	Vetra	Vetra Energia SL	295	Vetra	
5119	PetroVietnam	PVEP - PetroVietnam Exploration Production Corporation Ltd	299	Vietnam National Oil and Gas	
5139	Karoon	Karoon Gas Australia Limited	300	Karoon	
5180	BHP Billiton	BHP Billiton Petroleum (Deepwater) Inc.	59	BHP	
5181	Emerald	Emerald Energy Plc. Sucursal Colombia	302	Emerald	
5219	CESED	Centro de Ensino Superior e Desenvolvimento	307	CESED	
5439	VB	VB Brasil Petróleo Private	314	VB	
5639	Aspect Energy	Aspect Energy International LLC	317	Aspect	
5659	Paramount	Paramount Operating Trust	318	Paramount Energy	
5679	IST	Integral de Servicios Tecnicos S.A.	365	Trayectoria	
5859	TDC	TDC Engineering Inc.	26	TDC	
5899	Exxon	Exxon Equity Holding Company	11	Exxon Mobil Corporation	
6059	Estre	Estre, Petróleo, Gás e Energia Ltda	331	Estre	
6119	South Atlantic	South Atlantic Holding BV	333	StatoilASA	
6220	Multiner	Multiner Óleo e Gás S.A.	370	Bolognesi Participações	
6379	Scorpion Offshore	Scorpion Offshore Inc.	340	Scorpion	
6719	Central Brazil	Central Brazil Coöperatief	31	Koch	
6739	Sinochem	Sinochem Hong Kong (Group) Company Limited	342	Sinochem	
6859	Odebrecht Drilling	Odebrecht Drilling Services LLC	16	Odebrecht	
7179	Odebrecht Drilling	Odebrecht Drilling NORBE VIII LLC	16	Odebrecht	
7367	EP Energy	EP Energy Global LLC	9	EP Energy	
7369	Calmena Luxembourg	Calmena Luxembourg Holding AS	347	Altabras	
7441	CEPSA	Compañia Española de Petróleos, S.A.U.	48	CEPSA	
7443	Petronas	Petronas Carigali SDN BHD	360	Petronas	
7445	JX -NOEX	JX Nippon Oil & Gas Exploration Corporation	361	JX Group	
7446	Conoco Phillips	ConocoPhillips Company	56	Conoco	
7447	Mitsui & Co	Mitsui & Co., LTD.	362	Mitsui & Co	
7448	Geopark	Geopark Limited	364	Geopark Limited	
7449	Sumitomo	Sumitomo Corporation	378	Sumitomo	
7451	Trayectoria	Trayectoria Oil & Gas	365	Trayectoria	
7452	Premier Oil	Premier Oil PLC	366	Premier Oil PLC	
7454	Woodside	Woodside Energy Holdings (South America) PTY LTD.	297	Woodside	
7455	Chevron Brazil	Chevron Brazil Ventures Aps.	6	Chevron	
7456	Hupecol	Hupecol Operating Co., LLC	377	Hupecol	
7458	Kosmos Energy	Kosmos Energy Ltd.	375	Kosmos Energy	
7460	Niko Resources	Niko Resources Ltd.	369	Niko	
7462	CNOOC	CNOOC International Limited	371	CNOOC	
7463	PTT	PTT Exploration and Production Public Company Limited	379	PTTExploration and Production	
7464	Chariot	Chariot Oil & Gas Limited	372	Chariot	
7465	Enel Trade	Enel Trade S.p.A.	373	Enel	
7476	ExxonMobil Brasil	ExxonMobil Exploração Brasil Ltda.	11	Exxon Mobil Corporation	
7478	R2 Energy	R2 Energy Limited	380	R2 Energy	
7480	RWE	RWE Dea AG	382	RWE	
7483	Tecpetrol	Tecpetrol Internacional S.L.	27	Tecpetrol	
7486	Repsol Exploración	Repsol Exploración S.A.	21	Repsol YPF	
7498	Maersk	Maersk Oil Houston Ltda	33	Maersk	
7508	Alvopetro Energy	Alvopetro Energy LTD.	395	Alvopetro	
7585	Petronas	Petronas (E&P) Overseas Ventures Sdn. Bhd.	360	Petronas	
7593	Petrobal USA	Petrobal USA Holdings Inc.	422	Grupo Bal	
7597	Chevron Brazil	Chevron Brazil Ventures LLC.	6	Chevron	
7608	ExxonMobil	ExxonMobil Exploration Company	11	Exxon Mobil Corporation	
7610	Wintershall Holding	Wintershall Holding GMBH	42	Wintershall	
7630	Aspect Holdings	Aspect Holdings, LLC.	317	Aspect	
1	Petrobras	Petróleo Brasileiro S.A.	18	Sistema Petrobras	33000167000101
2	Eni Oil	Eni do Brasil Investimentos em Exploração e Produção de Petróleo LTDA.	68	Eni Group	03031822000128
3	Amerada Hess	Hess Petróleo Ltda.	2	Hess	01756332000163
4	BP Brasil	BP Brasil Ltda.	5	BP P.L.C.	02420391000129
5	British BorneoBrasil	British Borneo do Brasil Ltda.	1	Agip	02960197000136
6	CGG	CGG do Brasil Participações Ltda.	348	CGG Veritas	29339298000140
7	Chevron Brasil	Chevron Brasil Petróleo Ltda.	6	Chevron	02308527000103
8	OP Energia	OP Energia Ltda.	363	Ouro Preto Óleo e Gás	02857854000114
10	Enterprise Brasil	Enterprise Oil do Brasil Ltda.	22	Royal Dutch Shell PLC	02715260000179
11	Esso	Esso Brasileira de Petróleo Ltda.	11	Exxon Mobil Corporation	33000092000169
13	PetroRio White Shark	Petro Rio White Shark Petróleo Ltda	46	Inpex	03255266000173
15	Schlumberger	Schlumberger Serviços de Petroleo Ltda.	70	WESTERNGECO	32319931000143
19	Ipiranga	Companhia Brasileira de Petróleo Ipiranga	13	Ipiranga	33069766000181
21	Kerr-McGee Brasil	Kerr-McGee do Brasil Ltda.	15	Kerr-McGee	02328196000173
23	Mobil Exploração	Mobil Exploração e Desenvolvimento do Brasil Ltda.	11	Exxon Mobil Corporation	02279546000159
27	Perez Companc Brasil	Perez Companc do Brasil Ltda.	17	Perez Companc	01811557000175
28	Petroserv	Petroserv S.A.	19	Petroserv	30508345000111
30	Queiroz Galvão	Queiroz Galvão Óleo e Gás S.A.	20	QGEP Participações S.A.	30521090000127
31	Devon Brasil	Devon Brasil	8	Devon	04461005000172
33	Sipetrol Brasil	Sipetrol Brasil Ltda.	23	Sipetrol	02954151000104
34	Sotep	Sotep Sociedade Técnica de Perfuração S.A.	24	SOTEP	15129646000140
36	TDC	TDC do Brasil Petróleo Ltda.	26	TDC	02705712000131
37	Tecpetrol Brasil	Tecpetrol do Brasil Ltda.	27	Tecpetrol	02888032000109
38	Chevron Brasil	Chevron Brasil Ltda.	6	Chevron	33337122000127
39	Trevo	Petróleo Trevo Ltda.	29	Trevo	02887168000196
40	Unocal	Unocal Ltda.	30	Unocal	03005950000105
41	UP Petróleo	UP Petróleo Brasil Ltda.	26	TDC	02859489000187
42	Veritas	Veritas do Brasil Ltda.	348	CGG Veritas	02840721000135
44	Repsol Sinopec	Repsol Sinopec Brasil S.A.	21	Repsol YPF	02270689000108
45	Coastal BPAR-10	BPAR-10 Ltda. (Coastal)	9	EP Energy	03636936000100
46	BG Brasil	BG E&P Brasil Ltda. (incorporada pela Shell)	4	BG	02681185000172
47	Coastal BM-CAL-4	Coastal BM-CAL-4 Ltda.	9	EP Energy	04028606000196
48	Coastal BM-PAMA-1	Coastal BM-PAMA-1 Ltda.	9	EP Energy	04010011000103
49	Coastal BT-PR-4	Coastal BT-PR-4 Ltda.	9	EP Energy	04018551000133
50	Marítima	Marítima Petróleo e Engenharia Ltda.	32	Synergy Resources Corp.	46828596000113
51	Equinor Brasil	Equinor Brasil Energia Ltda.	430	Equinor	04028583000110
52	Petrogal Brasil	Petrogal Brasil S.A.	36	Galp Energia	03571723000139
54	Total Energia	Total E&P Energia Ltda.	33	Maersk	03986914000161
55	BP Energy	BP Energy do Brasil Ltda.	440	BP	02873528000109
56	Devon Exploration	Devon Exploration do Brasil Ltda.	8	Devon	02857635000135
57	OP Pescada	OP Pescada Óleo e Gás Ltda.	363	Ouro Preto Óleo e Gás	03605739000115
58	ONGC Campos	ONGC Campos Ltda	257	ONGC	04033930000100
60	SHB	Sonangol Hidrocarbonetos Brasil Ltda.	319	Sonangol	03347723000150
61	Esso Expl Offshore	Esso Exploração Offshore Ltda.	11	Exxon Mobil Corporation	04033980000180
62	Coplex	Coplex Petróleo do Brasil Ltda.	112	Panoro	03292275000134
63	Central Resources	Central Resources do Brasil Produção de Petróleo Ltda.	367	Central Resources	52127214000127
64	Maersk	Maersk Oil Brasil Ltda.	33	Maersk	04598588000188
65	Ocean Campos	Ocean Energy Campos Ltda.	34	Ocean	04328141000199
66	Phillips Brasil	Phillips Petroleum do Brasil Ltda.	37	Phillips	03340045000101
68	Samson Brasil	Samson do Brasil Ltda.	38	Samson	04595221000100
69	Equinor Energy	Equinor Energy do Brasil  Ltda.	430	Equinor	04580657000126
70	Total E&P do Brasil	Total E&P do Brasil Ltda.	28	Total	02461767000143
71	Wintershall BM-C-19	Wintershall BM-C-19 Ltda.	42	Wintershall	04571053000113
72	Wintershall Brasil	Wintershall DEA do Brasil Exploração e Produção Ltda.	42	Wintershall	04570983000152
73	Wintershall BM-S-14	Wintershall BM-S-14 Ltda.	42	Wintershall	04575789000160
76	El Paso BM-CAL-6	El Paso BM-CAL-6 Ltda.	9	EP Energy	04625964000186
77	El Paso BM-CAL-5	El Paso BM-CAL-5 Ltda.	9	EP Energy	04625974000111
78	El Paso BM-ES-5	El Paso BM-ES-5 Ltda.	9	EP Energy	04625954000140
79	El Paso BM-ES-6	El Paso BM-ES-6 Ltda.	9	EP Energy	04625971000188
80	El Paso BM-S-13	El Paso BM-S-13 Ltda.	9	EP Energy	04625956000130
82	W. Washington	W.Washington Empreendimentos e Participações EIRELI	41	W.Washington	57059420000160
93	BP EOC	BP Exploration Operating Company Limited	5	BP P.L.C.	05710131000186
100	CVRD	Vale S.A.	310	Vale	33592510000154
101	Norberto Odebrecht	Construtora Norberto Odebrecht S.A.	16	Odebrecht	15102288000182
133	Odebrecht	Odebrecht S.A.	16	Odebrecht	05144757000172
167	Petrosynergy	Petrosynergy Ltda.	32	Synergy Resources Corp.	03951809000197
168	Enterprise	Enterprise Óleo e Gás Ltda.	22	Royal Dutch Shell PLC	02961413000168
169	Chevron Brasileira	Chevron Brasileira de Petróleo Ltda.	6	Chevron	04494968000172
171	Wintershall BM-C-10	WINTERSHALL BM-C-10 Ltda.	42	Wintershall	04246887000153
172	Esso Amazonas	Esso Exploração Amazonas Norte Ltda.	11	Exxon Mobil Corporation	04033969000110
173	ExxonMobil Brasil	ExxonMobil Exploração Brasil Ltda.	11	Exxon Mobil Corporation	04033958000130
174	Wintershall BM-ES-1	Wintershall BM-ES-1	42	Wintershall	04673255000176
176	Chevron	Chevron Exploração e Produção do Brasil Ltda.	6	Chevron	04494988000143
177	Chevron Brasil Óleo	Chevron Brasil Óleo e Gás Ltda.	6	Chevron	04697624000160
179	Texaco BM-S-2	Texaco Brasil BM-S-2 Ltda.	6	Chevron	04697571000188
181	Geco	Geco do Brasil Ltda.	70	WESTERNGECO	04237316000152
186	Shell	Shell Brasil Ltda.	22	Royal Dutch Shell PLC	33453598000123
187	CEPSA	Cepsa Óleo e Gás do Brasil Ltda	48	CEPSA	12082192000101
193	PetroRecôncavo	PetroRecôncavo S.A.	53	Petrorecôncavo S.A.	03342704000130
195	Newfield	Newfield Brasil Ltda.	54	Newfield  Holdings	04248020000137
196	El Paso	El Paso BM-POT-11 Ltda.	9	EP Energy	05234135000135
197	El Paso	El Paso BM-POT-13 Ltda.	9	EP Energy	05233188000131
199	Partex Brasil	Partex Brasil Ltda.	55	Partex Oil and Gas	05002889000160
204	BHP	BHP Billiton Brasil Investimento Ltda.	59	BHP	73090607000183
205	Potióleo	Potióleo S/A	91	Aurizonia	05273431000145
211	Unocal ES	Unocal Espírito Santo Ltda.	30	Unocal	02806749000156
212	Fugro do Brasil	Fugro do Brasil Ltda.	72	FUGRO_Geoscience_Services	04307442000136
214	Baker Hughes Brasil	Baker Hughes do Brasil Ltda.	70	WESTERNGECO	42087254000139
215	FUGRO_Airborne_Surve	Lasa Prospecções S.A.	97	FUGRO_Airborne_Survey	33054875000125
224	Esso Sudeste	Esso Exploração Sudeste Ltda.	11	Exxon Mobil Corporation	04771120000143
231	Texaco BM-C-4	Texaco Brasil BM-C-4 Ltda.	6	Chevron	04697550000162
232	Esso Exploração	Esso Exploração Ltda.	11	Exxon Mobil Corporation	04033993000159
233	Japex	Japex Brasil Ltda.	14	Japex/Marubeni	02891139000106
234	Esso Explor e Des	Esso Exploração e Desenvolvimento Ltda.	11	Exxon Mobil Corporation	04033944000116
257	Nexen Petroleum	Nexen Petroleum do Brasil Ltda.	50	Nexen	04612157000129
259	ANP	Agência Nacional do Petróleo, Gás Natural e Biocombustíveis	67	ANP	02313673000208
260	Coastal BAS-97	Coastal BAS-97 Ltda.	9	EP Energy	02857842000190
261	El Paso	El Paso Petróleo do Brasil Ltda.	9	EP Energy	03907485000190
267	Conoco	Conoco do Brasil Ltda.	56	Conoco	03360568000101
282	Woodside	Woodside Energia (Brasil) Inves. Explor.Petróleo Ltda	297	Woodside	08489392000106
284	Aurizonia	Aurizônia Empreendimentos S.A.	91	Aurizonia	52743358000108
287	CPRM - RIO	Companhia de Pesquisa de Recursos Minerais - CPRM	98	CPRM	00091652000260
308	BS-3	BS-3 S.A.	20	QGEP Participações S.A.	04768625000159
309	El Paso	El Paso Petróleo do Brasil Ltda	9	EP Energy	03907485000270
313	Esso Ltda	Esso Brasileira de Petróleo Ltda	11	Exxon Mobil Corporation	33000092029060
317	PGT	PGT - Petroleum Goescience Techonology Ltda	69	PGT	04899355000115
330	WesternGeco Serviços	WesternGeco Serviços de Sísmica Ltda.	70	WESTERNGECO	04612284000128
333	Stratageo	Stratageo Soluções Tecnológicas Ltda.	71	Stratageo	06316866000192
337	Recôncavo E&P	Recôncavo E&P S.A.	53	Petrorecôncavo S.A.	06235572000136
339	El Paso Energia	El Paso Energia do Brasil Ltda.	9	EP Energy	02290786000154
342	Quantra	Quantra Petróleo S.A.	93	Quantra	06349839000116
348	W.Washington - BA	W.Washington Empreendimentos e Participações Ltda	41	W.Washington	57059420000241
3541	Aurizônia Petróleo	Aurizônia Petróleo S.A.	91	Aurizonia	06357907000199
3542	Sinochem Petróleo	Sinochem Petróleo Brasil Ltda.	342	Sinochem	06871406000126
3543	PortSea	PortSea Brasil Petróleo e Gas Ltda.	95	PortSea	07052229000119
3901	Manati	Manati S.A.	20	QGEP Participações S.A.	07063991000109
3961	Panoro Energy	Panoro Energy do Brasil Ltda.	112	Panoro	07467619000150
3981	Multiwave(encerrada)	Multiwave Geophysical Company ASA	81	Murphy Oil Corporation	07483032000134
4121	Petrobras	Morro do Barro Produtora de Petróleo Ltda.	18	Sistema Petrobras	07316327000116
4141	Rio das Contas	Rio das Contas Produtora de Petróleo Ltda.	112	Panoro	07316968000170
4161	Alcom	Alcom Petróleo Ltda	99	Alcom	02104601000331
4162	Hess Brasil	Hess Brasil Petróleo Ltda.	2	Hess	07699629000110
4164	Brasil Óleo & Gás	Brasil Óleo & Gás Ltda.	100	Petrolab	07767428000103
4165	BrazAlta Brasil	BrazAlta Brasil Norte Comercialização de Petróleo Ltda.	101	BrazAlta	07753832000128
4166	C. Foster	C. Foster Exploração e Produção de Petróleo Ltda.	102	C. Foster	07752424000151
4167	Cisco	Cisco Oil and Gas S.A.	288	UBX	04935190000190
4168	Codemig	Companhia de Desenvolvimento Econômico de Minas Gerais S.A.	104	Codemig	19791581000155
4169	Construtora Pioneira	Construtora Pioneira S.A.	105	Pioneira	17157835000152
4170	Delp	Delp Engenharia Mecânica S.A.	106	Delp	17161936000105
4171	Egesa	Egesa Engenharia S.A.	107	Egesa	17186461000101
4172	ERG	ERG Petróleo e Gás Ltda.	109	ERG	06041093000189
4173	Engepet	ENGEPET - Empresa de Engenharia de Petróleo Ltda.	184	Perícia Engenharia	03492590000105
4174	Geobras	Geobras - Pesquisas Minerais Ltda.	110	Geobras	05724511000170
4175	Logos Engenharia	Logos Engenharia S.A.	313	ARCADIS	03349742000115
4176	Nord	Nord Oil and Gas S.A.	288	UBX	04935189000165
4177	M&S	M&S Brasil S.A.	113	Oil M&S	07720761000167
4178	Orteng	Orteng Equipamentos e Sistemas S.A.	114	Inbrael	19884626000136
4179	Panergy	Panergy Petróleo e Gás Ltda	115	Panergy	07119234000100
4180	Phoenix	Phoenix Empreendimentos Ltda.	401	Orion Holding de Participações	05282436000134
4181	Severo Villares	Severo Villares Projetos e Construções Ltda.	118	Severo & Vilares	61432472000108
4182	Silver Marlin	Silver Marlin E&P de Petróleo e Gás Ltda.	124	Aloes	07513230000101
4183	Vitória Ambiental	Vitória Ambiental Engenharia e Tecnologia S.A.	122	Vipetro Petróleo S.A.	03431593000139
4185	AGE	AGE - Serviços em Hidrologia e Sustentabilidade Ambiental Ltda	123	AGE	14647739000102
4186	Aloes	Aloés Industria e Comércio Ltda.	124	Aloes	68626183000199
4187	Alphatec	Alphatec Engenharia & Inspeção S.A.	125	Alphatec	05928067000104
4188	Angraporto	Angraporto Offshore Logística Ltda.	126	Angraporto	05751192000191
4189	Asperbras	Asperbras Bahia Ltda.	127	Asperbras	03685549000155
4190	BMF	BMF Engenharia Ltda.	128	BMF	05490006000108
4191	Bocaiúva Mecânica	Bocaiúva Mecânica Ltda.	195	Rima	23347420000144
4192	Capixaba	Capixaba de Produtos Químicos Ltda.	130	Capixaba	03104497000186
4193	Carcará	Carcará Petróleo S.A	131	Carcará	03972629000191
4194	Carreiro Comércio	Carreiro Comércio Importação e Exportação Ltda	132	Carreiro Comércio	01729240000194
4195	Cheim	Cheim Transportes S.A.	133	Cheim	27181320000141
4199	GASMIG	Companhia de Gás de Minas Gerais	137	GASMIG	22261473000185
4200	Consdon	Consdon Engenharia e Comércio Ltda.	138	Consdon	56037450000103
4201	Construtora Cowan	Construtora Cowan S.A.	139	Cowan	68528017000150
4202	Construtora Gutember	Construtora Gutembergue Caetano Ltda.	140	Construtora Gutembergue	05768601000162
4203	Construtora Regencia	Construtora Regencia Ltda.	141	Construtora Regencia	31142896000177
4204	LFMM	Consultoria LFMM s/s Ltda.	142	LFMM	06934584000159
4205	CONTERP	CONTERP Consultoria e Serviços de Engenharia de Petróleo	143	CONTERP	04487080000102
4206	Cotia	Cotia Trading S.A.	144	Cotia	72891955000197
4207	CPL	CPL Participações Ltda	145	CPL	01236556000144
4208	CWA	CWA Consultores & Serviços de Petróleo Ltda	146	CWA	04117961000131
4209	Elffi	Elffi Química Ltda	147	Elffi	72840390000119
4210	Elma	Elma Engenharia, Construções e Comércio Ltda.	148	Elma	24600447000160
4211	EMC	EMC Transportes Ltda	149	EMC	04082977000156
4212	Encavi	Encavi Empreendimentos Ltda	150	Encavi	03992592000163
4213	Engese	ENGESE - Engenharia de Segurança do Trab	151	Engese	60265428000198
4214	Engespro	Engespro Engenharia Ltda.	152	Engespro	00604322000140
4215	Erwin	Erwin Eletricidade Industrial Ltda.	153	Erwin	07426079000166
4216	Expex	Expex Oil Ltda.	154	Expex	06869639000194
4218	G. Perin	G. Perin.	156	G. Perin	07579645000170
4219	Genesis 2000	Genesis 2000 Exploração e Produção de Hidrocarbonetos Eireli	157	Genesis 2000	01582083000137
4220	GEOAMA	GEOAMA - Geologia, Água e Meio Ambiente Ltda.	158	GEOAMA	55367072000163
4221	GNC	GNC Gás Natural Carmópolis Ltda.	159	GNC	06275865000147
4224	Hbusiness	Hbusiness Bank Ltda	162	Hbusiness	05600331000186
4225	Hecke	Hecke Representações Comerciais Ltda.	163	Hecke	05094612000104
4226	HL	HL Comercio e Transporte Ltda.	164	HL	03646125000181
4227	Hluchan	Hluchan Com. e Pepr. de Peças e Equipamentos para Petróleo Ltda	165	Hluchan	41135443000177
4228	Icoplan	Internacional de Consultoria e Planejamento S.A. - ICOPLAN	166	Icoplan	42180299000153
4234	Master	Master - Consultoria, Planejamento, Empreendimentos e Participações Ltda.	173	Master	02319696000149
4236	Maxwal-Rio	Maxwal-Rio Locações Comércio e Serviços Ltda.	175	Maxwal-Rio	04388307000162
4237	McKinley	McKinley Consultoria e Participações Ltda	176	McKinley	04373217000106
4239	Minageo	Minageo Ltda	178	Minageo	79408266000128
4240	MTT	MTT Aselco Automação Ltda.	179	MTT	03673549000135
4241	Multimil	Multimil Construtora Ltda.	180	Multimil	74249897000128
4242	Nossa Senhora da Pen	Nossa Senhora da Penha Empreendimentos Ltda.	181	Nossa Senhora da Penha	05851093000181
4244	Oilequip	Oilequip Produtos e Serviços Ltda.	183	Oilequip	31639701000107
4245	Perícia	Perícia Engenharia e Construção Ltda.	470	Andorinha-Perícia	15594013000103
4246	Petrodata	Petrodata Comércio e Representações Ltda.	185	Petrodata	31115702000144
4247	Petroima	Petroima Indústria, Comércio e Serviços Ltda.	186	Petroima	14910285000102
4249	Prominas	Prominas Projetos e Serviços de Mineração Ltda.	190	Prominas	01955849000181
4250	PRS	PRS Compa e Participações Ltda	191	PRS	28633527000172
4251	Q&B	Q&B Serviços Ltda	192	Q&B	00310087000101
4252	RDJ	RDJ Engenharia Ltda.	193	RDJ	28409522000160
4253	Rhodes	Rhodes S/A.	194	Rhodes	32475436000123
4254	RPC	RPC Assessoria e Representações Ltda.	196	RPC	29069374000145
4255	SB	SB Administradora de Bens Ltda.	197	SB	07285286000148
4256	Sendi	Sendi Serviços, Engenharia e Desenvolvimento Ind Ltda.	198	Sendi	00472355000183
4258	SINALMIG	SINALMIG Sinais e Sistemas e Programação Visual Ltda.	200	SINALMIG	04022046000162
4259	Sol Nordeste	Sol Nordeste Ltda.	201	Sol Nordeste	00726741000154
4260	Sollita	Sollitta Engenharia e Construções Ltda.	202	Sollita	56181704000162
4281	Sudifer	Sudifer Comércio de Ferro, Máquinas e Motores Ltda.	203	Sudifer	33613886000106
4282	Supercron	Supercron Industrial Ltda.	204	Supercron	00476883000100
4283	Tecnogás	Tecnogás Consultoria e Serviços Ltda.	205	Tecnogás	00203183000142
4285	Top	Top Engenharia Ltda.	207	Top	14448260000139
4286	Tratortec	Tratortec Indústria e Comércio Ltda	208	Tratortec	68600279000188
4287	TSL	TSL - Engenharia, Manutenção e Preservação Ambiental S.A.	209	TSL Participações	53454674000122
4288	União	União Comercializadora de Energia Elétrica Ltda.	210	União	04407774000192
4289	Vega	Vega Serviços Marítimos Ltda.	211	Vega	13350897000125
4290	Wellcon	Wellcon Treinamento e Consultoria Ltda	212	Wellcon	02665128000108
4291	Rima	Rima Industrial S.A.	195	Rima	18279158000108
4292	Polo	Polo de Consultoria e Marketing Ltda.	187	Polo	12869491000190
4293	Petrolab	Petrolab Industrial e Comercial Ltda.	100	Petrolab	32874869000151
4295	Tarmar	Tarmar Energia e Participações Ltda.	288	UBX	40194755000199
4296	Ral Engenharia	RAL Engenharia Ltda.	117	Ral	01182232000170
4298	Canacol	Canacol Energy Ltd	101	BrazAlta	07685715000174
4299	Darwin	Darwin Engenharia Ltda	213	Darwin	35815653000103
4300	C. Foster	C. Foster Serviços e Equipamentos de Petróleo Ltda	102	C. Foster	31043482000190
4301	Alcom	Alcom Petróleo Energia Ltda	99	Alcom	02104601000170
4318	Ral	Ral Oil & Gas Comércio Ltda.	117	Ral	07704102000218
4360	IBV Brasil Petróleo	IBV Brasil Petróleo Limitada	314	VB	07766332000120
4499	Ambitec	Ambitec Ltda.	214	Ambitec	00679427000168
4501	Arclima	Arclima Engenharia Ltda.	215	Arclima	11205119000117
4502	Benco	Benco Alta Tecnologia em Construções Ltda	216	Benco	34146357000102
4503	Braslub	Braslub - Indústria Química e Petroquímica Ltda.	217	Braslub	03069642000135
4504	CCT	CCT - Conceitual Construções Ltda	218	CCT	64338171000108
4506	Imetame	Imetame Energia Ltda.	444	Imetame	00271847000100
4574	Hocol	Hocol S.A	243	Hocol	08544040000106
4594	Odebrecht	Odebrecht Óleo e Gás S.A.	16	Odebrecht	08091102000171
4609	Primus	Primus Incorporação e Construção Ltda	264	Primus	00826313000101
4610	Proen	Proen Projetos Engenharia Comércio e Montagens Ltda.	189	Proen	32330003000180
4618	Schahin	Schahin Engenharia S. A.	272	Schahin	61226890000149
4640	UTC Engenharia	UTC Engenharia S.A.	285	UTC Participações	44023661000108
4718	Allpetro	Allpetro Exploração, Produção e Comércio de Petróleo Ltda	202	Sollita	08270816000147
4818	Máxima 07	Máxima 07 Exploração e Produção de Petróleo Ltda	267	Rio Proerg	08834891000193
4838	Brasdril	Brasdril Sociedade de Perfurações Ltda	338	Diamond	42101311000197
4858	TRANSOCEAN	Transocean Serviços Petrolíferos Ltda	339	Transocean	07908877000124
4878	Oceangeo	Oceangeo Tecnologia de Exploração de Reservatórios do Brasil S/A	193	RDJ	08386193000172
4938	Dommo Energia	Dommo Energia S.A	289	EBX	08926302000105
4958	Petro Vista	Petro Vista Energy Petróleo do Brasil Ltda.	311	Petro Latina	08091093000119
4978	Brasoil do Brasil	Brasoil do Brasil Exploração Petrolífera S.A.	332	PetroRio	07989828000163
4998	Somoil do Brasil	Somoil Internacional de Petróleo do Brasil - SIPEB Ltda.	337	Serena	08853092000164
5018	STR	STR Projetos e Participações Ltda.	330	STR	07943726000107
5038	Georadar	Georadar Levantamentos Geofísicos S.A.	286	Georadar	03087282000102
5058	Univen	Univen Refinaria de Petróleo Ltda.	293	Vibrapar	67276923000141
5059	Eaglestar	Eaglestar Petróleo do Brasil Ltda.	294	Eaglestar	09093809000180
5078	Biotech	Biotech Engenharia e Serviços Ltda.	296	Biotech	04601349000130
5079	Riveti	Riveti Consultores Associados Ltda.	287	Riveti	02170937000130
5099	Tullow Oil	Tullow do Brasil Petróleo e Gás Ltda	298	Tullow Oil	10886854000170
5159	PetroRio Int.	PetroRio Internacional S.A.	332	PetroRio	05495044000153
5179	Alvorada	Alvorada Petróleo S.A.	354	Asamar	07911376000105
5182	Nova Vitória	Nova Vitória Imobiliária e Participações Ltda	303	Nova Vitória	06931164000119
5183	EMPA	EMPA S.A. Serviços de Engenharia	304	EMPA	17159856000107
5184	ETX	ETX Serviços de Perfuração e Sondagem de Petróleo Ltda.	288	UBX	08957999000173
5199	A.R.G.	A.R.G. Ltda.	305	A.R.G.	20520862000152
5200	Polledo	Polledo do Brasil Concessões e Serviços Ltda.	306	Polledo	02915041000133
5239	Copape	Copape - Produtos de Petróleo Ltda.	308	Copape	01428174000112
5261	Brasoil Cav. Marinho	Brasoil Cavalo Marinho Exploração Petrolífera Ltda	332	PetroRio	08857415000198
5262	Petro Rio Coral	Petro Rio Coral Exploração Petrolífera Ltda	332	PetroRio	08844986000198
5263	Sonangol Guanambi	Sonangol Guanambi Exploração e Produção de Petróleo Ltda.	319	Sonangol	08988738000110
5279	Mercury	Mercury do Brasil Oil & Gás Ltda	312	Eromanga	08366248000182
5281	Petro Rio Jaguar	Petro Rio Jaguar Petróleo Ltda.	332	PetroRio	02031413000169
5299	Nova Petróleo Rec	Nova Petróleo Recôncavo S.A	370	Bolognesi Participações	08584563000186
5300	Brasoil Manati	Brasoil Manati Exploração Petrolífera Ltda	332	PetroRio	08845534000120
5301	Chevron Atlanta	Chevron Brasil Atlanta e Oliva Exploração e Produção Ltda.	6	Chevron	04697632000107
5321	Vipetro	Vipetro Petróleo S.A.	122	Vipetro Petróleo S.A.	08990767000117
5339	Cowan Petróleo e Gás	Cowan Petróleo e Gás S.A.	139	Cowan	08560890000106
5340	Ecopetrol Óleo e Gás	Ecopetrol Óleo e Gás do Brasil Ltda.	230	Ecopetrol S.A.	08537267000124
5341	Karoon	Karoon Petróleo e Gás Ltda.	300	Karoon	09347916000197
5342	Petra Energia	Petra Energia S.A.	330	STR	07243291000198
5343	Anadarko	Anadarko Exploração e Produção Petróleo e Gás Natural Ltda	3	Anadarko Petroleum Corporation	07123731000173
5344	Inpex	Inpex Petróleo Santos Ltda	46	Inpex	08596015000176
5359	RMC	RMC Exploração Petrolífera Ltda.	266	Rich	08643289000179
5379	Perenco Brasil	Perenco Petróleo e Gás do Brasil Ltda.	309	Perenco	09309027000135
5399	Abaris RJ	Abaris RJ Participações S.A.	113	Oil M&S	08908802000106
5459	Falcon	Falcon Metais Ltda	321	Forbes & Manhattan	09451327000154
5479	Scorpion Offshore	Scorpion Serviços Offshore Ltda	340	Scorpion	09024591000101
5499	Navis Drilling	Navis Drilling Ltda	315	Navis Drilling	03741603000132
5559	Sonangol P&P	Sonangol Pesquisa e Produção de Petróleo do Brasil Ltda.	319	Sonangol	09389298000148
5579	Projectmann	Projectmann Consultoria e Participações Ltda.	316	Projectmann	06929304000114
5599	Esso	Esso Exploração Santos Ltda.	11	Exxon Mobil Corporation	04033989000190
5619	Brasoil Opco	Brasoil Opco Exploração Pretolífera Ltda.	332	PetroRio	08806402000190
5699	FUGRO_Geoscience_Ser	Fugro Brasil - Serviços Submarinos e Levantamentos Ltda	72	FUGRO_Geoscience_Services	03595293000357
5719	Falcon	Falcon Petróleo Ltda.	321	Forbes & Manhattan	10308837000156
5720	Laço	Laço Management Participações e Investimentos Imobiliários Ltda.	322	Longfellow	09550325000112
5721	Agemo	Agemo Comercial e Industrial Ltda	323	Agemo	03432496000160
5722	Sipet	Sipet Participações Ltda	106	Delp	42800185000169
5723	CEMIG	Companhia Energética de Minas Gerais	325	CEMIG	17155730000164
5724	Bimetal	Bimetal Indústria Metalúrgica Ltda.	326	Bimetal	01261017000165
5739	Multiner	Multiner S.A.	370	Bolognesi Participações	08935054000150
5839	Dove	Dove Energy Exploração e Produção de Petróleo Ltda.	329	IOR	08075537000122
5879	Egepel	Egepel Ltda.	107	Egesa	07830314000160
5939	Integral	Integral Petróleo e Gás do Brasil Ltda.	365	Trayectoria	10663802000135
5999	Brasoil Round 9	Brasoil Round 9 Exploração Petrolífera Ltda.	332	PetroRio	10508743000120
6039	Transpetro	Petrobras Transportes S.A. - Transpetro	18	Sistema Petrobras	02709449000159
6079	Petro Rio O&G	Petro Rio O&G Exploração e Produção de Petróleo Ltda.	332	PetroRio	11058804000168
6120	Seawell do Brasil	Seawell do Brasil Serviços de Petróleo Ltda.	334	Seawell Norge AS	10709132000140
6182	Queiroz Galvão	Serviços de Petróleo Constellation S.A.	20	QGEP Participações S.A.	30521090000631
6219	Parnaíba Gás Natural	Parnaíba Gás Natural S.A.	386	Eneva	11230122000190
6299	Rigco Brazil	Rigco Brazil Importação e Exportação de Máquina e Equipamentos Ltda.	336	Rigco	03941848000103
6319	Diamond Offshore	Diamond Offshore Netherlands B.V	338	Diamond	05734588000120
6359	Transocean Brasil	Transocean Brasil Ltda.	339	Transocean	40278681000179
6419	Geokinetics	Geokinetics Geophysical do Brasil LTDA	320	Integral	05438759000174
6439	OGX Campos	OGX Campos Petróleo e Gás S.A.	289	EBX	11969225000177
6459	Oeste de Canoas	Oeste de Canoas Petróleo e Gás LTDA.	184	Perícia Engenharia	11285456000161
6499	Espigão	Espigão Petróleo e Gás Ltda	115	Panergy	11844597000177
6599	Enauta Energia	Enauta Energia S.A.	20	QGEP Participações S.A.	11253257000171
6639	Shell Brasil	Shell Brasil Petróleo Ltda.	22	Royal Dutch Shell PLC	10456016000167
6679	Maha Energy	Maha Energy Brasil Ltda.	427	Maha	11230625000166
6759	Ouro Preto	Ouro Preto Óleo e Gás S.A.	363	Ouro Preto Óleo e Gás	12091809000155
6819	Schahin	Schahin Engenharia S.A.	272	Schahin	61226890000904
6839	Sinochem Peregrino	Sinochem Peregrino Concessionária de Petróleo LTDA.	342	Sinochem	11668739000192
6879	Santana	Santana Exploração e Produção de Óleo e Gás Ltda.	343	Stogas	11944627000117
6899	Panoro	Panoro Energy ASA	112	Panoro	11877231000102
6919	Norteoleum	Norteoleum Exploração e Produção S.A.	285	UTC Participações	12456210000178
6939	Sinopec	Sinopec Exploration and Production (Brazil) Ltda.	344	SINOPEC	12450530000110
6959	ExxonMobil	Exxonmobil Química Ltda.	11	Exxon Mobil Corporation	60860673000143
7000	Água Grande	Água Grande Exploração e Produção de Petróleo Ltda.	321	Forbes & Manhattan	11766871000137
7039	Phoenix Petróleo	Phoenix Petróleo Ltda.	401	Orion Holding de Participações	07733007000161
7119	Vanco	Vanco Brasil Exploração e Produção de Petróleo e Gás Natural Ltda.	349	PanAtlantic Energy	12683193000101
7180	Odebrecht Óleo e Gás	Odebrecht Óleo e Gás S.A.	16	Odebrecht	08091102000333
7239	Maersk Petróleo	Maersk Petróleo Brasil Ltda.	33	Maersk	12641516000102
7279	EPG Brasil	EPG Brasil LTDA	184	Perícia Engenharia	11210501000119
7362	Five Star Offshore	Five Star Offshore Serviços e Locações Ltda.	330	STR	07065754000179
7366	Barra Energia	Barra Energia do Brasil Petróleo e Gás Ltda.	346	Barra Holding	09589793000109
7368	Sinopec Brasil	Sinopec Petroleum do Brasil Ltda	344	SINOPEC	07199883000150
7370	Altabras Energy	Altabras Energy Serviços do Brasil LTDA.	347	Altabras	11733143000129
7379	Sigmarhoh Wts	Sigmarhoh Well Testing Services Ltda.	350	Sigmarhoh do Brasil	09338843000177
7390	Rosneft	Rosneft Brasil E&P Ltda.	352	Rosneft	13612806000182
7391	Cemes	Cemes Petróleo S.A.	219	EP Imetame	10243470000130
7395	Niko Brasil	Niko Brasil Exploração e Produção de Petróleo Ltda.	369	Niko	14372852000114
7401	Mitsubishi	Mitsubishi Corporation	376	Mitsubishi	61090619000129
7402	Petrobras Netherland	Petrobras Netherlands B.V.	18	Sistema Petrobras	05723840000104
7404	Alvopetro	Alvopetro S.A. Extração de Petróleo e Gás Natural	395	Alvopetro	15240822000117
7409	Guto & Cacal	Guto & Cacal - Indústria, Comércio e Serviços Ltda	353	G&C	04054366000102
7411	Great Oil	Great Oil Perfurações Brasil Ltda.	414	Great	11895432000124
7418	OGPAR	Óleo e Gás Participações S.A.	289	EBX	07957093000196
7428	BPMB Parnaíba	BPMB Parnaíba S.A.	402	BTG Pactual	14165334000120
7432	Oceania	Oceania O'G Exploração e Participações em Petróleo Ltda. - IMPEDIDA	114	Inbrael	12432261000160
7433	Pacific Brasil	Pacific Brasil Exploração e Produção de Óleo e Gás Ltda.	356	Pacific Rubiales	14363083000198
7435	Alupar	Alupar Investimentos S.A.	357	Alupar	08364948000138
7436	GDF Suez	GDF Suez Energy Latin América Participações Ltda.	358	GDF Suez	01370013000115
7437	Janeiro 1949	Janeiro 1949 Extração de Petróleo Ltda.	90	Alberta	16480685000150
7440	Nova Petróleo	Nova Petróleo S.A. - Exploração e Produção	370	Bolognesi Participações	16607122000180
7442	G3 Óleo e Gás	G3 Óleo e Gás Ltda.	305	A.R.G.	21819925000139
7444	Resultado Óleo e Gás	Resultado Óleo e Gás	327	Multiner	09551765000194
7450	Partex Brasil Op.	Partex Brasil Operações Petrolíferas Ltda.	55	Partex Oil and Gas	07658426000186
7453	BHP Billiton	BHP Billiton Petroleum Internationa Pty Ltd.	59	BHP	23020943000181
7457	Sabre	Sabre Internacional de Energia S.A.	368	Asset Geo	11766207000198
7459	Irati	Irati Petróleo e Energia Ltda.	321	Forbes & Manhattan	12337387000155
7461	Novo Norte	Novo Norte Energia e Consultoria Ltda.	326	Bimetal	09613277000164
7470	Petronas Brasil	Petronas Brasil E&P Ltda.	360	Petronas	16433284000140
7472	BHP Billiton Brasil	BHP Billiton Brasil Exploração e Produção de Petróleo Ltda.	59	BHP	18288828000152
7473	Galp Energia Brasil	Galp Energia Brasil S.A.	36	Galp Energia	16974249000138
7474	Geopark Brasil	Geopark Brasil Exploração e Produção de Petróleo e Gás Ltda.	364	Geopark Limited	17572061000126
7475	Premier Oil Brasil	Premier Oil do Brasil Petróleo e Gás Ltda.	366	Premier Oil PLC	16640556000182
7477	Chariot Brasil	Chariot Brasil Petróleo e Gás Ltda.	372	Chariot	18345616000160
7479	COPEL	Companhia Paranaense de Energia	381	COPEL	76483817000120
7481	Tradener	Tradener Ltda.	384	Tradener	02691745000170
7482	Tucumann	Tucumann Engenharia e Empreendimentos Ltda.	385	Tucumann	81750697000110
7484	Bayar	Bayar Empreendimentos e Participações Ltda.	387	Bayar	13004172000185
7485	Eneva	Eneva S.A.	386	Eneva	04423567000121
7487	CNODC Brasil	CNODC Brasil Petróleo e Gás Ltda.	383	Governo da China	19233194000101
7488	CNOOC Petroleum	CNOOC Petroleum Brasil Ltda.	371	CNOOC	19246634000157
7489	QPI Brasil	QP Brasil Ltda.	426	Qatar Petroleum	15916060000126
7490	Pangéia	Pangéia Afretamento de Equipamentos de Petróleo Ltda.	25	Starfish	08983449000129
7492	IPI	IPI Oil Exploraçao de Petróleo Ltda.	133	Cheim	19285411000107
7493	TOG Brasil	Trayectoria Petróleo e Gás do Brasil Ltda.	365	Trayectoria	18709581000109
7494	Neptune Energy	Neptune Energy Brasil Participações Ltda.	358	GDF Suez	19322878000171
7496	PTTEP Brasil	PTTEP Brasil Investimentos em Exploração e Produção de Petróleo e Gás Ltda.	388	PTT Exploration and Production	19332109000154
7509	Gaseletro Energia	Gaseletro Energia Integrada S.A.	330	STR	19834991000136
7512	TRANSOCEAN	Transocean Drilling Enterprises S.a.r.l.	339	Transocean	20142747000191
7513	Queiroz Galvão	Queiroz Galvão Óleo e Gás Ltda.	20	QGEP Participações S.A.	30521090001107
7514	Brava Drilling	Brava Drilling BV	20	QGEP Participações S.A.	20223132000190
7517	Wintershall Brasil	Wintershall do Brasil Serviços Ltda	42	Wintershall	04272545000108
7518	Azibras	Azibras Exploração de Petróleo e Gás Ltda.	389	Azimuth Group	20672882000149
7521	Orteng Óleo e Gás	Orteng Óleo e Gás S.A.	114	Inbrael	20891041000122
7522	Construtora Elevação	Construtora Elevação Ltda.	390	Construtora Elevação	77167203000100
7523	Exactum	Exactum Consultoria e Projetos Ltda.	391	Exactum	04188826000187
7524	Abengoa	Abengoa Construção Brasil Ltda.	392	Abengoa	04651067000147
7525	Celeo Redes Brasil	Celeo Redes Brasil S.A.	393	Elecnor	04718109000110
7526	Altabras Energy	Altabras Energy Services Corp.	347	Altabras	19465709000190
7527	DM Construtora	DM Construtora de Obras Ltda.	394	DM Construtora	76483726000194
7531	Geopar - Geosol	Geopar - Geosol Participações S.A.	396	Geopar-Geosol Participações	19240555000139
7534	Mitsui E&P Brasil	Mitsui E&P Brasil Ltda.	362	Mitsui & Co	21776337000165
7536	Okada	Okada Serviços de Geociências - EIRELI	399	OSG	16830217000169
7537	Tek	Tek Óleo e Gás Ltda.	400	HLJW	21672888000189
7538	Parnaíba Part.	Parnaíba Participações S.A.	386	Eneva	15439528000139
7541	Leros	Leros Petróleo e Gás S.A	157	Genesis 2000	22771986000136
7543	Geogas	Geogas Serviços de Óleo e Gás Ltda.	406	Geoterra	10348064000131
7544	Bildung	Bildung Participações Ltda	410	Bildung	09630784000106
7545	Ac. Canal	Ac. Canal Empreendimentos Ltda - ME	407	Ac. Canal	07094621000120
7546	Newo	Newo Óleo e Gás LTDA - ME	411	Bizzo Sotomayor	10492453000136
7547	Oil Group	Oil Group Exploração e Produção S.A.	408	OGG Investiments US HoldingLLC	23354051000117
7548	JX Nippon (Brasil)	JX Nippon Oil & Gas Exploration (Brasil) Ltda.	361	JX Group	19479265000142
7549	Jadibson	Jadibson Paulino da Silva 11908390409	409	Jadibson	22394097000105
7555	Recôncavo Energia	Recôncavo Energia Ltda.	288	UBX	23923453000195
7558	Murphy Brasil	Murphy Brasil Exploração e Produção de Petróleo e Gás Ltda.	81	Murphy Oil Corporation	02804865000136
7559	Petroborn	Petroborn Óleo e Gás S.A.	410	Bildung	18957968000176
7560	Barra Bonita	Barra Bonita Óleo e Gás Ltda.	184	Perícia Engenharia	22881417000143
7570	Ouro Preto Energia	Ouro Preto Energia Onshore S.A.	363	Ouro Preto Óleo e Gás	23018639000108
7571	Dimensional	Dimensional Engenharia Ltda.	416	Dimensional	00299904000160
7572	Guindastes Brasil	Guindastes Brasil Óleo e Gás Ltda.	412	Guindastes	02355017000197
7573	Petromais	Petromais Exploração e Produção S.A.	436	Petromais	24219122000131
7574	Great Energy	Great Energy S.A.	414	Great	24604414000198
7575	Great 42	Great 42 S.A.	414	Great	24575432000199
7576	Great 108	Great 108 S.A.	414	Great	24630017000190
7577	Petroil	Petroil Óleo e Gás Ltda.	428	Petroil	15596829000176
7578	Tecnoil	Tecnoil Comércio e Representações Ltda.	415	Tecnoil	42369306000160
7579	Geomecânica	Geomecânica S.A. Tecnologia de Solos, Rochas e Materiais	238	Geomecânica	42163162000190
7580	Ubuntu Engenharia	Ubuntu Engenharia e Serviços Ltda. - ME	417	Ubuntu Engenharia	24414030000102
7581	3R	3R Petroleum Oléo e Gás SA	418	3R	02926320000100
7582	Faxe Drilling	FAXE DRILLING SERVICOS DE PETROLEO - RESTR JUDICIAL 5 anos - SID 0232103/2017-16	330	STR	14978872000133
7584	Repsol	Repsol Exploração Brasil Ltda.	21	Repsol YPF	03514776000118
7586	Transocean UK	Transocean UK Limited	339	Transocean	05715604000138
7589	DEA Deutsche	DEA Deutsche Erdoel AG	419	DEA Group	18815049000168
7590	Energizzi Energias	Energizzi Energias do Brasil Ltda.	416	Dimensional	25315943000134
7591	Capricorn Brasil	Capricorn Brasil Petróleo e Gás Ltda.	420	Cairn Energy	27849914000188
7592	Petro-Victory	Petro-Victory Energia Ltda.	421	Petro-Victory	28163588000113
7594	Bertek Ltda	Bertek Produtos, Serviços e Mineração Ltda.	423	Stile	11729330000139
7595	Greenconsult	Greenconsult Energia Ltda.	425	Greenconsult	00943047000199
7609	Cobra Brasil	Cobra Brasil Serviços, Comunicações e Energia	429	Cobra	08928273000102
7612	NTF	NTF Óleo e Gás S.A.	438	NTF Holding	29019399000134
7614	BGM	BGM Petróleo e Gás Ltda.	423	Stile	29496603000108
7615	OAK	OAK Petróleo e Gás Natural Ltda.	431	SPTEC Capital	28868441000129
7616	FMT	FMT Serviços, Indústria e Comércio Ltda.	437	FMT	30380317000161
7619	Construtora Kamilos	Construtora Kamilos Ltda.	435	CKL	50557404000159
7623	Teknobras	Teknobras Empreendimentos e Participações Ltda.	432	Teknobras	07914175000153
7624	Êxito	Êxito Importadora e Exportadora S.A.	443	Êxito	07391673000169
7625	Gildenor Bezerra	Gildenor Bezerra Canuto Soluções Ambientais - Eireli	433	GBC	18495068000154
7626	Maracatu Energia	Maracatu Indústria de Petróleo, Gás e Energia Ltda.	451	Maracatu	31836098000145
7627	Tucano Serviços	Tucano Serviços de Apoio Óleo e Gás Eirelli	434	Tucano	29829452000162
7628	Guindastes Locações	Guindastes Brasil Locação de Equipamentos Ltda.	412	Guindastes	11732231000106
7629	Eagle	Eagle Exploração de Óleo e Gás Ltda.	435	CKL	32021201000161
7631	GBC	GBC Óleo & Gás Ltda.	433	GBC	32120462000139
7633	Phoenix Óleo & Gás	Phoenix Óleo & Gás Natural Ltda.	401	Orion Holding de Participações	32528443000146
7635	BW Offshore	BW Energy Maromba do Brasil LTDA	458	BW Offshore	04672503000164
7637	Brasil Refinarias	Brasil Refinarias Ltda.	412	Guindastes	08839018000193
7638	CDGN	CDGN Logística S.A.	441	CDGN	05484996000171
7639	Creative Energy	Creative Energy Serviços e Exploração Ltda.	442	Creative	33400769000156
7641	Andorinha Petróleo	Andorinha Petróleo Ltda.	470	Andorinha-Perícia	23340906000150
7642	DBO Energy	DBO Energy do Brasil	448	DBO Energy	27959158000140
7643	FE Intermodal	FE Intermodal Eireli	456	Log Intermodal	15216482000199
7644	Petromais Global	Petromais Global Exploração e Produção S.A.	436	Petromais	34186669000131
7645	AFV	AFV Empreendimentos e Participações Ltda.	447	AFV	16933618000144
7646	Potiguar E&P S.A.	Potiguar E&P S.A.	53	Petrorecôncavo S.A.	30759670000157
7647	Petronas	Petronas Petróleo Brasil Ltda.	360	Petronas	30653538000166
7649	Via Energia	Via Energia Transportes Ltda.	454	Via Energia	21050996000110
7651	SPE 3R Petroleum	SPE 3R Petroleum S.A.	418	3R	33443860000159
7656	Sane Participações	Sane Participações e Investimentos Ltda.	453	Sane	37073061000199
7659	NSN Brasil	NSN do Brasil Comércio de Combustíveis Ltda.	452	NSN	35113409000107
7661	Infra Construtora	Infra Construtora e Serviços Ltda.	450	Infra	14684296000111
7662	Trident Energy	Trident Energy do Brasil Ltda.	467	Trident	33639843000191
7664	Nobel Engenharia	Nobel Energy Ltda.	446	Nobel Engenharia	35690631000164
7666	Imetame Lagoa Parda	Imetame Energia Lagoa Parda Ltda.	444	Imetame	34812047000171
7668	E M T Construtora	E M T Construtora Ltda.	449	EMT	05036194000107
7670	ENP Ecossistemas	ENP Ecossistemas Energéticos Holding S.A.	444	Imetame	36720797000149
7672	Geoflux	Geoflux Exploração e Produção de Petróleo Ltda.	457	Geoflux	32385032000149
7673	ETEP Industria Metal	ETEP Indústria Metalúrgica Ltda.	461	ETEP Industria Metalurgica	40602633000194
7674	Subtec	Subtec Serviços Ltda.	462	SUBTEC	22578308000151
7675	CE Engenharia	CE Engenharia Ltda.	102	C. Foster	09574489000180
7677	Giongo Óleo Gás	Giongo Óleo Gás Ltda.	459	Giongo	08758102000182
7678	Petropotiguar	p	463	Petropotiguar	33231930000142
7679	Petropotiguar	Petropotiguar Petroleo e Gas Ltda.	463	Petropotiguar	32231930000142
7681	Luso Consultoria de	Luso Consultoria de Petroleo Ltda.	464	Luso Consultoria de Petróleo	07524367000153
7682	Ecofertil	Ecofertil Agropecuária Ltda.	465	Ecofertil	07617675000123
7684	Intersun	Amanda Gabriele Sebaio	466	Intersun	20073030000135
7691	PROJELTEC	RODRIGO M BARBOSA	468	 ALGHANIM INDUSTRIES - GRUPO	08959685000100
7692	Pirangi	Pirangi Participações LTDA	469	Pirangi	07763197000160
7693	Ecofertil	Ecofertil Incorporações Imobiliárias Ltda. (Ecofertil Fertilizantes Orgânicos)	465	Ecofertil	05994532000105
12	Fairfield	Fairfield do Brasil Ltda.	0	(grupo não informado)	03072080000189
18	GSI-BROOKS	Geochemical Solutions International Brasil Ltda.	0	(grupo não informado)	03707881000173
29	PGS	PGS Investigação Petrolífera Ltda.	0	(grupo não informado)	00877954000187
74	GAIA	GAIA Comércio Exterior Ltda.	0	(grupo não informado)	01258228000149
75	FLUPETROL	Fluidos Petrolíferos Ltda.	0	(grupo não informado)	02174842000195
213	Large Brasil	Large do Brasil Ltda.	0	(grupo não informado)	04158912000147
216	Corelab	Corelab Brasil Ltda.	0	(grupo não informado)	03918153000100
217	Expetro	Expetro Consultoria Internacional em Petróleo e Gás Ltda.	0	(grupo não informado)	73883266000101
218	Geovector	Geovector Engenharia Geomática Ltda.	0	(grupo não informado)	03321112000132
219	MV Dauzacker	MV Dauzacker Petroleum Consul. and Associates Ltda	0	(grupo não informado)	02291832000130
220	Weatherford	Weatherford Laboratórios (Brasil) LTDA	0	(grupo não informado)	03957117000156
221	Insight	Insight Sistemas Petrolífero Ltda.	0	(grupo não informado)	04044742000170
222	PGW	PGW do Brasil Consultoria e Projetos Ltda.	0	(grupo não informado)	05100150000190
235	Schahin Petróleo	Schahin Petróleo & Gás S.A.	0	(grupo não informado)	08976258000210
256	AQUAGEO	AQUAGEO	0	(grupo não informado)	34117523000134
271	ON	Observatório Nacional - MinCT	0	(grupo não informado)	04053755000105
274	FAURGS	Fundação de Apoio da Universidade Federal do Rio Grande do Sul - FAURGS	0	(grupo não informado)	74704008000175
276	Anasol	Analytical Solutions S.A.	0	(grupo não informado)	03426761000106
277	UNICAMP	Universidade Estadual de Campinas - UNICAMP	0	(grupo não informado)	46068425000133
280	Phelps	Phelps Dodge do Brasil Mineração	0	(grupo não informado)	00952475000188
283	Anglo	Anglo American Brasil Ltda	0	(grupo não informado)	42184226000725
285	CONPET	Conpet Consultoria e Serviços de Petróleo Ltda - EPP.	0	(grupo não informado)	03977682000185
288	Ensign Geophysics	Ensign Geophysics limited	0	(grupo não informado)	03829848000116
289	Geosoft	Geosoft Latino America Ltda	0	(grupo não informado)	00457363000150
293	Landmark	Landmark Graphics	0	(grupo não informado)	29504214002988
294	Paradigm Geophysical	Paradigm Geophysical	0	(grupo não informado)	04109830000102
295	Prefeitura Torres	Prefeitura  Municipal de Torres	0	(grupo não informado)	87876801000101
299	UERJ	Universidade do Estado do Rio de Janeiro - UERJ	0	(grupo não informado)	33540014000157
300	UFBA	Universidade Federal da Bahia - UFBA	0	(grupo não informado)	15180714000104
301	UFF	Universidade Federal Fluminense - UFF	0	(grupo não informado)	28523215000106
305	UNB	Universidade de Brasília - UnB	0	(grupo não informado)	00038174000143
310	UNI-SOL	Fundação Institucional Rio Solimões - UNI-SOL	0	(grupo não informado)	02806229000143
311	Rio Tinto	Rio Tinto Desenvolvimentos Minerais Ltda	0	(grupo não informado)	42148049000136
312	Vallourec&Mannesmann	Vallourecc & Mannesmann Tubes S.A.	0	(grupo não informado)	17170150000146
318	Oxy do Brasil	Oxy do Brasil Exploração e Prod. de Petróleo Ltda	0	(grupo não informado)	05990610000101
320	PGS	PGS Rio Bonito S.A.	0	(grupo não informado)	04567381000146
325	Fundação	Fundação Universitária José Bonifácio	0	(grupo não informado)	42429480000150
326	De Beers	De Beers Brazil Limitada	0	(grupo não informado)	33795493000152
327	Codelco Brasil	Codelco do Brasil Mineração Ltda	0	(grupo não informado)	04667009000101
331	TAM - Taxi Aéreo	TAM Táxi Aéreo Marília S/A	0	(grupo não informado)	52045457000116
332	GLOBAL SANTA FÉ	GLOBAS SANTA FÉ DO BRASIL LTDA	0	(grupo não informado)	04218873000126
335	Halliburton	Halliburton Serviços Ltda	0	(grupo não informado)	29504214000187
336	Fugro G. (Brasil) Lt	Fugro Geosolutions (Brasil) Serviços de Levantamentos Ltda	0	(grupo não informado)	42140699000135
341	Innova	Innova S.A.	0	(grupo não informado)	01999166000207
352	StrataImage	StrataImage Consultoria Ltda	0	(grupo não informado)	05793928000194
3521	PERBRAS	Perbras Empresa Brasileira de Perfurações Ltda	0	(grupo não informado)	15126451000147
3522	PREST	PREST PERFURAÇÕES LTDA	0	(grupo não informado)	05836901000131
3561	Prospec S.A	Prospectors e Aerolevantamentos e Sistemas Ltda.	0	(grupo não informado)	03358194000190
3581	Emgs	EMGS - Serviços Geológicos Eletromagnéticos do Brasil Ltda.	0	(grupo não informado)	07195911000160
3601	Flamoil	Flamoil Serviços Ltda	0	(grupo não informado)	10867034000131
3621	Teck	Teck Cominco Brasil S.A.	0	(grupo não informado)	97515035000103
3622	EL Paso Rio Claro	EL Paso Rio Claro Ltda	0	(grupo não informado)	02290787000107
3623	INCO	Inco Brasil Ltda	0	(grupo não informado)	34097287000131
3701	TAG	Transportadora Associada de Gás	0	(grupo não informado)	06248349000123
3742	Confab	Confab Industrial S.A	0	(grupo não informado)	60882628000190
3761	SMITH	Smith International do Brasil LTDA	0	(grupo não informado)	13948146000105
3781	Deloitte	Deloitte Touche tohmatsu Consultores LTDA	0	(grupo não informado)	02189924000880
3921	Oil M&S Perfurações	Oil M&S Perfurações Nordeste Ltda.	0	(grupo não informado)	07498296000161
3941	Brain	Brain Tecnologia LTDA	0	(grupo não informado)	40494619000114
4001	Fugro Marsat	Fugro Marsat Serviços Submarinos Ltda.	0	(grupo não informado)	27003896000119
4021	LNCC	Laboratório Nacional de Computação Científica - LNCC	0	(grupo não informado)	33654831002180
4041	Omega Gama	Omega Gama Mineração Ltda	0	(grupo não informado)	05016105000152
4061	Fundação COPPETEC	Fundação Coordenação de Projetos, Pesquisas e Estudos Tecnologicos COPPETEC	0	(grupo não informado)	72060999000175
4081	GEOPETRO PERFURAÇÕES	GEOPETRO PERFURAÇÕES LTDA	0	(grupo não informado)	07755113000146
4358	Mineropar	Minerais do Paraná S.A	0	(grupo não informado)	77635126000167
4378	Hydro	Hydro BM-C-7 Óleo e Gás LTDA	0	(grupo não informado)	07785689000156
4418	BCH Energy do Brasil	BCH Energy do Brasil Equipamentos e Serviços de Perfuração Ltda	0	(grupo não informado)	07989725000101
4438	TODCO	TODCO Serviços de Apooio Marítimo Ltda	0	(grupo não informado)	07966067000124
4458	Austral	Austral AGS do Brasil Ltda	0	(grupo não informado)	03828230000131
4478	ETESCO	Etesco Construções e Comércio Ltda	0	(grupo não informado)	61329181000199
4479	SONDAR	MPS Mineração Perfuração e Sondagem Ltda - SONDAR	0	(grupo não informado)	02282128000110
4658	Petroinfo	Petroinfo Consultoria S/C LTDA	0	(grupo não informado)	05296784000160
4678	Constroli	Constroli Projetos e Construções ltda	0	(grupo não informado)	43045616000191
4699	GX Technology	GX Technology Sismica Brasil LTDA	0	(grupo não informado)	07862869000194
4758	Itaí	Itaí - Estudos, Projetos e Perfurações Ltda	0	(grupo não informado)	64921901000107
4778	Intech	Intech Engenharia Ltda	0	(grupo não informado)	02782949000116
4898	Yuchicom	Yuchicom Comunicação Comércio e Serviços Ltda	0	(grupo não informado)	31609548000167
5319	Empercon	Empercom Perfuração e Sondagens de Petróleo Ltda	0	(grupo não informado)	04981605000161
5419	Microsurvey	Microsurvey Aerogeofísica e Consultoria Científica Ltda	0	(grupo não informado)	04692229000195
5519	HANSA	Hansaluftbild Geo Informações Ltda	0	(grupo não informado)	05152870000108
5539	Seadrill	Seadrill Serviços de Petróleo Ltda	0	(grupo não informado)	09521059000108
5799	CPGeo	Companhia Potiguar de Geociencias LTDA-CPGEO	0	(grupo não informado)	09354170000149
5919	Petrocompany	Petrocompany Perfurações Ltda	0	(grupo não informado)	10433291000165
5979	San Antonio	San Antonio Internacional do Brasil Serviços de Petróleo Ltda	0	(grupo não informado)	15676893000329
6019	INGRAIN	Ingrain Brasil Serviços de Geofísica LTDA	0	(grupo não informado)	10330220000137
6099	Weatherford	Weatherford Indústrial e Comércio Ltda	0	(grupo não informado)	93189694000723
6179	Ventura Petróleo S.A	Ventura Petróleo S.A	0	(grupo não informado)	01785706000179
6200	Noble do Brasil	Noble do Brasil S/C Ltda.	0	(grupo não informado)	40330078000199
6201	Sevan Drilling	Sevan Drilling Limited	0	(grupo não informado)	11391043000161
6202	Sevan Marine	Sevan Marine Serviços de Perfuração Ltda.	0	(grupo não informado)	09655055000104
6239	JP Serviços	JP Serviços de Petróleo Ltda	0	(grupo não informado)	09611356000136
6240	Braserv de Serviços	Braserv de Serviços de Petróleo Ltda.RASERV SERVIÇOS DE PETRÓLEO LTDA	0	(grupo não informado)	09124627000129
6259	Tucker Energy	Tucker Energy do Brasil Comercio e Serviços Petroliferos Ltda	0	(grupo não informado)	40268112000142
6279	Geotrace Brasil	Geotrace Brasil Processamento de Dados Sísmicos e Reservatorios Ltda	0	(grupo não informado)	03829848000116
6339	FEMAR	Fundação de Estudos do Mar - Femar	0	(grupo não informado)	33798026000186
6399	Ipex	Integrated Petroleum Expertise Company Serviços em Petróleo Ltda	0	(grupo não informado)	06940354000100
6519	Geopex	Geopex Consultoria LTDA	0	(grupo não informado)	09059739000143
6539	Andaimes Vitoria	Andaimes Vitoria Ltda.	0	(grupo não informado)	27329556000263
6559	BGP Brasil	BGP Brasil Serviços e Equipamentos Geofisicos Ltda.	0	(grupo não informado)	12284894000178
6579	ANDL	A N D L Serviços Geofísicos LTDA-ME	0	(grupo não informado)	05791385000176
6619	Geoquasar	Geoquasar Energy Solutions Participações Ltda	0	(grupo não informado)	10398608000170
6659	Global	Global Servicos Geofisicos Ltda	0	(grupo não informado)	11831795000104
6999	Petresa	Petresa Participações Ltda	0	(grupo não informado)	03551365000100
7019	UGA	PanAmerica do Brasil Serviços e Participações LTDA	0	(grupo não informado)	12364906000174
7059	Spectrum Geo	Spectrum Geo do Brasil Serviços Geofísicos Ltda	0	(grupo não informado)	11368070000113
7099	Cowley	Cowley Mineração Ltda	0	(grupo não informado)	05306970000133
7139	Polarcus	Polarcus Serviços Geofísicos do Brasil Ltda	0	(grupo não informado)	11428425000112
7159	Fugro Brasil	Fugro Brasil - Serviços Submarinos e Levantamentos Ltda	0	(grupo não informado)	03595293000195
7199	Seabed Geosolutions	Seabed Geosolutions do Brasil Explorações e Serviços Ltda	0	(grupo não informado)	10398615000171
7219	IBP	Instituto Brasileiro de Petróleo, Gás e Biocombustíveis	0	(grupo não informado)	33634254000110
7299	TGS	TGS do Brasil Ltda	0	(grupo não informado)	12644012000138
7319	Hidrolog	Hydrolog Serviços de Perfilagens Ltda	0	(grupo não informado)	85499606000257
7359	Hidrodex	Hidrodex Engenharia e Perfuração Ltda.	0	(grupo não informado)	03393074000204
7360	Perfuração de Poços	Perfuração de Poços Padre Cícero Romão Batista Ltda	0	(grupo não informado)	56144983000194
7361	Constroleo 	Constroleo  Lubrificantes Ltda	0	(grupo não informado)	08234805000101
7364	Petrosol	Petrosol Consultoria e Representações Ltda	0	(grupo não informado)	13577340000121
7365	Berrocal	Berrocal & Associados Soluções e Inovações Geofísicas Ltda.	0	(grupo não informado)	09035398000176
7373	ENSCO BRASIL	ENSCO BRAZIL-SERVICOS DE PETROLEO LTDA	0	(grupo não informado)	40409542000137
7374	Vodaoil	Vodaoil Serviços de Petróleo Ltda.	0	(grupo não informado)	04132198000118
7376	Pacific Drilling	Pacific Drilling do Brasil Serviços de Perfuração Ltda	0	(grupo não informado)	10901128000180
7377	Hidroingá Poços	Hidroingá Poços Artesianos Ltda.	0	(grupo não informado)	77641876000141
7380	SP	SP Construção de Poços Artesianos LTDA	0	(grupo não informado)	10736420000194
7381	International	International Logging do Brasil Ltda.	0	(grupo não informado)	03139563000153
7383	Seaseep	Seaseep Dados de Petroleo Ltda	0	(grupo não informado)	14378579000135
7384	ELFE	ELFE - SOLUÇÃO EM SERVIÇOS LTDA.	0	(grupo não informado)	97428668000176
7386	Ocean Rig do Brasil	Ocean Rig do Brasil Serviços de Petroleo Ltda	0	(grupo não informado)	13766248000100
7388	Geohub	Geohub Processamento e Gerência de Dados Ltda	0	(grupo não informado)	00310089000192
7389	J G Pereira	J G Pereira	0	(grupo não informado)	11039246000193
7392	Etesco Drilling	Etesco Drilling Services LLC	0	(grupo não informado)	09606857000124
7393	Delba	DELBA DRILLING INTERNATIONAL COOPERATIE U.A.	0	(grupo não informado)	10227894000100
7394	Dolphin	Dolphin Geofísica do Brasil Ltda	0	(grupo não informado)	14789367000140
7396	Geodata	Geodata Serviços Offshore S.A	0	(grupo não informado)	04887590000177
7397	Airosaru	Airosaru Drilling LLC	0	(grupo não informado)	07785224000103
7398	Deepsea Metro	Deepsea Metro Holland BV.	0	(grupo não informado)	00000822118920
7403	Ocean Rig	Ocean Rig Black Sea Operations B.V.	0	(grupo não informado)	14632222000131
7405	Ensco do Brasil	Ensco do Brasil Petróleo e Gás Ltda	0	(grupo não informado)	04336088000178
7406	IR OilRigs	IR OilRigs Brazil Limited	0	(grupo não informado)	10747738000170
7407	Pride Foramer	Pride Foramer S.A.	0	(grupo não informado)	05721070000152
7408	Nic do Brasil	Nic do Brasil Serviço e Locações de Máquina Ltda.	0	(grupo não informado)	09507777000111
7410	A F C Geofisica	A F C Geofisica LTDA	0	(grupo não informado)	02023888000103
7412	ConocoPhillips	ConocoPhillips Exploração e Produção de Petróleo e Gás Ltda.	0	(grupo não informado)	10933811000107
7413	KNOC	KNOC Exploração e Produção de Petróleo do Brasil Ltda.	0	(grupo não informado)	14814000000130
7416	AGI	AGI Brasil Serviços e Parcitipações LTDA	0	(grupo não informado)	12772535000160
7419	INVISION	Invision Geofisica Ltda.	0	(grupo não informado)	09291648000139
7420	Sevan Drilling	Sevan Drilling Rig II AS	0	(grupo não informado)	10327274000143
7421	YPF	YPF Brasil Comércio de Derivados de Petróleo Ltda.	0	(grupo não informado)	03972433000105
7422	EXPRO	Expro do Brasil Serviços Ltda.	0	(grupo não informado)	06134590000121
7423	Hyper	Hyper Serviços de Perfuração S.A.	0	(grupo não informado)	15098076000179
7425	GEOCHEMICAL	GEOCHEMICAL TECHNOLOGY SERVIÇOS ANALÍTICOS E AMBIENTAIS S.A	0	(grupo não informado)	08266745000109
7427	Megadrill	Megadrill South America Engenharia e Comércio Ltda	0	(grupo não informado)	07270822000131
7429	SDS	Slim Drilling Serviços de Perfuração S.A.	0	(grupo não informado)	16690009000101
7431	CPMAIS	CPMAIS Serviços de Consultoria em meio Ambiental LTDA	0	(grupo não informado)	03770522000160
7439	Bratexco	BRATEXCO - Representações e Serviços em Energia	0	(grupo não informado)	11126934000190
7466	EBS	EBS - Empresa Brasileira de Serviços e Perfurações LTDA	0	(grupo não informado)	15031293000141
7467	SAExploration	Saexploration (Brasil) Serviços Sismicos Ltda	0	(grupo não informado)	16841313000102
7468	HG	HG PERFURAÇÕES LTDA	0	(grupo não informado)	04123924000136
7471	Geoffshore	Geoffshore Engenharia e Serviços Maritimos Ltda - EPP	0	(grupo não informado)	08620823000121
7491	GEOSEIS	GEOSEIS Serviços Geoogicos e Engenharia LTDA	0	(grupo não informado)	09317873000105
7495	GEONUNES	Geonunes Consultoria Representações e apoio Maritimo Ltda - ME	0	(grupo não informado)	07612726000124
7497	Terrafisica	TerrafisicaInovações Sismologicas Ltda	0	(grupo não informado)	19398373000190
7505	GARDLINE	Gardline Marine Sciences do Brasil S.A	0	(grupo não informado)	16492411000181
7506	MACEIO BOMBAS	MACEIO COMERCIO E SERVICOS EM BOMBAS DAGUA LTDA - EPP	0	(grupo não informado)	19579080000100
7507	Geoquasar	Geoquasar Geophysical Services do Brasil S.A	0	(grupo não informado)	19078987000195
7511	ORG	ORG Geophysical do Brasil Ltda	0	(grupo não informado)	19585927000169
7515	Geomath	Geomath Consultoria e Assessoria Empresarial Ltda	0	(grupo não informado)	11249060000169
7516	Landocean	LandOcean Brasil Serviços Petrolíferos Ltda	0	(grupo não informado)	14729705000159
7519	Bassdrill	Bassdrill Beta BV	0	(grupo não informado)	14632211000151
7520	Bassdrill Brasil	Bassdrill Brasil Serviços de Petróleo Ltda.	0	(grupo não informado)	15265967000172
7528	FEENG	Fundação Empresa Escola de Engenharia da UFRGS-FEENG	0	(grupo não informado)	02475386000113
7529	Barretos	Barretos Serviços Técnicos Ltda.	0	(grupo não informado)	09290342000168
7530	UFRJ-IMPPG	Universidade Federal do Rio de Janeiro - Instituto de Microbiologia (filial)	0	(grupo não informado)	33663683002160
7532	Concremat	Concremat Engenharia e Tecnologia S.A	0	(grupo não informado)	33146648000120
7533	CImaGeo	Central de Imageamento Geofísico Ltda	0	(grupo não informado)	19188247000101
7535	DEA	DEA Petróelo e Gás do Brasil Ltda	0	(grupo não informado)	19242639000101
7539	Geosedna	Geosedna Perfurações Especiais Ltda	0	(grupo não informado)	01704488000109
7540	EGS BRASIL	EGS BRASIL - SOLUÇÕESS EM GEOCIÊNCIAS MARINHAS LTDA.	0	(grupo não informado)	17410357000140
7542	Magseis	MAGSEIS Tecnologia de Exploração de Reservatorio de Petroleo do Brasil Ltda	0	(grupo não informado)	22947298000184
7550	SOLINTEC	SOLINTEC CONSULTORIA E SERVIÇOS DE GEOLOGIA LTDA.	0	(grupo não informado)	00254957000164
7551	Wellfield	Wellfield Serviços Geofisicos do Brasil Ltda	0	(grupo não informado)	20609076000126
7552	Verisk	Verisk do Brasil Informações Analíticas LTDA.	0	(grupo não informado)	10411968000164
7553	GEO4U	GEO4U Geociences Integra Ted Services Ltda	0	(grupo não informado)	20003033000100
7554	PETREC	Petrec - Petroleo Tecnologia e Pesquisa LTDA - ME	0	(grupo não informado)	05613447000150
7556	UBEA	União Brasileira de Educação e Assistência - UBEA	0	(grupo não informado)	88630413000109
7557	PGS SUPORTE LTDA.	PGS SUPORTE LOGÍSTICO E SERVIÇOS LTDA.	0	(grupo não informado)	07785858000158
7561	Toveri	Toveri Gerenciamento de Projetos Integrados Ltda	0	(grupo não informado)	13672224000191
7562	UENF	Universidade Estadual do Norte Fluminense Darcy Ribeiro-UENF	0	(grupo não informado)	04809688000106
7564	IKON SCIENCE	IKON SCIENCE DO BRASIL LTDA.	0	(grupo não informado)	14068805000181
7565	PPSA	Empresa Bras. de Administração de Petróleo e Gás Natural - Pré Sal Petróleo S.A.	0	(grupo não informado)	18738727000136
7566	Infraner	Infraner Petróleo, Gás e Energia Ltda.	0	(grupo não informado)	09109682000140
7567	Siem Offshore	Siem Offshore do Brasil S.A.	0	(grupo não informado)	27596568000173
7568	Helix	Helix do Brasil Serviços de Petróleo	0	(grupo não informado)	11062318000113
7569	Videocon Brasil	Videocon Brasil Petróleo Ltda.	0	(grupo não informado)	22396282000120
7587	UFRGS	Universidade Federal do Rio Grande do Sul - UFRGS	0	(grupo não informado)	92969856000198
7588	Votorantim	Votorantim Metais Zinco S/A	0	(grupo não informado)	42416651001693
7596	Zephyr Overseas	Zephyr Overseas Inc.	0	(grupo não informado)	05707398000114
7598	GEOMAG	GEOMAG S/A PROSPECÇÕES GEOFÍSICAS	0	(grupo não informado)	40427635000194
7599	BELOV	BELOV ENGENHARIA LTDA.	0	(grupo não informado)	15630064000143
7600	NEFTEPROMLEASING	NEFTEPROMLEASING LLC	0	(grupo não informado)	28136267000120
7601	GX TECHNOLOGY PROCES	GX TECHNOLOGY PROCESSAMENTO DE DADOS LTDA.	0	(grupo não informado)	11733163000108
7605	CEGEO	CEGEO - CENTRO DE EXCELENCIA EM GEOCIENCIAS LTDA - ME	0	(grupo não informado)	16963133000101
7606	GEODEEP	GEODEEP SERVIÇOS DE GEOLOGIA E GEOFÍSICA LTDA - EPP	0	(grupo não informado)	03595723000179
7607	UFJF	Universidade Federal de Juiz de Fora	0	(grupo não informado)	21195755000169
7611	Weatherford	Weatherford Laboratorios (Brasil) LTDA	0	(grupo não informado)	03957117000407
7617	UNIFESP	Universidade Federal de São Paulo	0	(grupo não informado)	60453032000174
7618	PUC-Rio	Pontifícia Universidade Católica do Rio de Janeiro	0	(grupo não informado)	33555921000170
7621	Riowell Engenharia	Riowell Engenharia Ltda.	0	(grupo não informado)	14530507000161
7622	Brazil Petrostudies	Brazil Petrostudies Serviços Geológicos Ltda.	0	(grupo não informado)	31372255000109
7632	UFPI	Universidade Federal do Piauí - UFPI	0	(grupo não informado)	06517387000134
7634	Spectrageo	Spectrageo Geofisica LTDA	0	(grupo não informado)	32696278000131
7636	Tucano SUL	Tucano Sul Exploração e Produção de Petróleo e Gás Ltda.	0	(grupo não informado)	32052498000122
7640	SHAFT	SHAFT Consultoria Ltda	0	(grupo não informado)	31925530000174
7648	PanAmgeo	PanAmgeo Serviços Geofísicos Eireli	0	(grupo não informado)	20551380000160
7652	UFC	Universidade Federal do Ceará	0	(grupo não informado)	07272636000131
7655	JC Metalurgica	JC Serviços Metalurgica Ltda.	0	(grupo não informado)	29922898000137
7657	UFRRJ	Universidade Federal Rural do Rio de Janeiro	0	(grupo não informado)	29427465000105
7658	Geosigma	Geosigma Serviços de Geologia	0	(grupo não informado)	25325012000117
7660	UFRN	Universidade Federal do Rio Grande do Norte-Depto de Engenharia de Petroleo	0	(grupo não informado)	24365710000183
7663	UFRJ-COPPE-LRAP	UFRJ - COPPE - LRAP (Laboratório de Recuperação Avançada de Petróleo)	0	(grupo não informado)	33663683005509
7665	RGS Consultoria	RGS Consultoria Mineral Ltda	0	(grupo não informado)	10279876000172
7667	Petrom	Petrom Produção de Petróleo e Gás Ltda.	0	(grupo não informado)	32137521000181
7669	USP - Oceanografia	Instituto Oceanográfico	0	(grupo não informado)	63025530003715
7671	Geoprocesados	Geoprocesados Serviços Sísmicos Eireli	0	(grupo não informado)	36298103000127
7676	Petromarker	Petromarker do Brasil Ltda	0	(grupo não informado)	33263943000166
7683	PUC-RS	Pontifícia Universidade Católica do Rio Grande do Sul	0	(grupo não informado)	88630413000281
7685	Karavan	Karavan Seacrest SPE Cricaré S.A.	0	(grupo não informado)	18073556000173
7686	SPE Fazenda Belém	SPE Fazenda Belém S.A.	0	(grupo não informado)	36093991000141
7687	SPE Rio Ventura	SPE Rio Ventura S.A.	0	(grupo não informado)	35156290000141
7688	Museu Nacional	Museu Nacional	0	(grupo não informado)	33663683002917
7689	Centro Oeste	Centro Oeste Óleo e Gás Ltda.	0	(grupo não informado)	34145046000110
7690	CDTN	Centro de Desenvolvimento da Tecnologia Nuclear	0	(grupo não informado)	00402552001289